tanggal,nama_kecamatan,positif
2020-03-25,CAKUNG,8
2020-03-26,CAKUNG,8
2020-03-27,CAKUNG,8
2020-03-28,CAKUNG,8
2020-03-29,CAKUNG,9
2020-03-30,CAKUNG,10
2020-03-31,CAKUNG,12
2020-04-01,CAKUNG,12
2020-04-02,CAKUNG,12
2020-04-03,CAKUNG,12
2020-04-04,CAKUNG,14
2020-04-05,CAKUNG,15
2020-04-06,CAKUNG,16
2020-04-07,CAKUNG,16
2020-04-08,CAKUNG,16
2020-04-09,CAKUNG,16
2020-04-10,CAKUNG,17
2020-04-11,CAKUNG,19
2020-04-12,CAKUNG,21
2020-04-13,CAKUNG,26
2020-04-14,CAKUNG,30
2020-04-15,CAKUNG,30
2020-04-16,CAKUNG,39
2020-04-17,CAKUNG,44
2020-04-18,CAKUNG,47
2020-04-19,CAKUNG,47
2020-04-20,CAKUNG,47
2020-04-21,CAKUNG,50
2020-04-22,CAKUNG,53
2020-04-23,CAKUNG,59
2020-04-24,CAKUNG,60
2020-04-25,CAKUNG,64
2020-04-26,CAKUNG,67
2020-04-27,CAKUNG,71
2020-04-28,CAKUNG,75
2020-04-29,CAKUNG,78
2020-04-30,CAKUNG,78
2020-05-01,CAKUNG,80
2020-05-02,CAKUNG,83
2020-05-03,CAKUNG,85
2020-05-04,CAKUNG,90
2020-05-05,CAKUNG,92
2020-05-06,CAKUNG,91
2020-05-07,CAKUNG,91
2020-05-08,CAKUNG,93
2020-05-09,CAKUNG,93
2020-05-10,CAKUNG,97
2020-05-11,CAKUNG,97
2020-05-12,CAKUNG,102
2020-05-13,CAKUNG,103
2020-05-14,CAKUNG,106
2020-05-15,CAKUNG,110
2020-05-16,CAKUNG,113
2020-05-17,CAKUNG,114
2020-05-18,CAKUNG,114
2020-05-19,CAKUNG,114
2020-05-20,CAKUNG,116
2020-05-21,CAKUNG,117
2020-05-22,CAKUNG,117
2020-05-23,CAKUNG,118
2020-05-24,CAKUNG,121
2020-05-25,CAKUNG,121
2020-05-26,CAKUNG,121
2020-05-27,CAKUNG,122
2020-05-28,CAKUNG,123
2020-05-29,CAKUNG,123
2020-05-30,CAKUNG,123
2020-05-31,CAKUNG,123
2020-06-01,CAKUNG,124
2020-06-02,CAKUNG,125
2020-06-03,CAKUNG,125
2020-06-04,CAKUNG,126
2020-06-05,CAKUNG,126
2020-06-06,CAKUNG,127
2020-06-07,CAKUNG,128
2020-06-08,CAKUNG,129
2020-06-09,CAKUNG,129
2020-06-10,CAKUNG,132
2020-06-11,CAKUNG,134
2020-06-12,CAKUNG,135
2020-06-13,CAKUNG,136
2020-06-14,CAKUNG,136
2020-06-15,CAKUNG,137
2020-06-16,CAKUNG,140
2020-06-17,CAKUNG,141
2020-06-18,CAKUNG,145
2020-06-19,CAKUNG,145
2020-06-20,CAKUNG,147
2020-06-21,CAKUNG,150
2020-06-22,CAKUNG,152
2020-06-23,CAKUNG,153
2020-06-24,CAKUNG,152
2020-06-25,CAKUNG,166
2020-06-26,CAKUNG,168
2020-06-27,CAKUNG,171
2020-06-28,CAKUNG,174
2020-06-29,CAKUNG,178
2020-06-30,CAKUNG,178
2020-07-01,CAKUNG,178
2020-07-02,CAKUNG,185
2020-07-03,CAKUNG,191
2020-07-04,CAKUNG,191
2020-07-05,CAKUNG,192
2020-07-06,CAKUNG,194
2020-07-07,CAKUNG,195
2020-07-08,CAKUNG,195
2020-07-09,CAKUNG,202
2020-07-10,CAKUNG,202
2020-07-11,CAKUNG,204
2020-07-12,CAKUNG,208
2020-07-13,CAKUNG,213
2020-07-14,CAKUNG,225
2020-07-15,CAKUNG,234
2020-07-16,CAKUNG,236
2020-07-17,CAKUNG,236
2020-07-18,CAKUNG,249
2020-07-19,CAKUNG,251
2020-07-20,CAKUNG,257
2020-07-21,CAKUNG,271
2020-07-22,CAKUNG,267
2020-07-23,CAKUNG,284
2020-07-24,CAKUNG,287
2020-07-25,CAKUNG,292
2020-07-26,CAKUNG,292
2020-07-27,CAKUNG,298
2020-07-28,CAKUNG,301
2020-07-29,CAKUNG,327
2020-07-30,CAKUNG,336
2020-07-31,CAKUNG,327
2020-08-01,CAKUNG,336
2020-08-02,CAKUNG,346
2020-08-03,CAKUNG,356
2020-08-04,CAKUNG,365
2020-08-05,CAKUNG,375
2020-08-06,CAKUNG,385
2020-08-07,CAKUNG,395
2020-08-08,CAKUNG,405
2020-08-09,CAKUNG,415
2020-08-10,CAKUNG,425
2020-08-11,CAKUNG,435
2020-08-12,CAKUNG,445
2020-08-13,CAKUNG,455
2020-08-14,CAKUNG,466
2020-08-15,CAKUNG,476
2020-08-16,CAKUNG,486
2020-08-17,CAKUNG,497
2020-08-18,CAKUNG,507
2020-08-19,CAKUNG,517
2020-08-20,CAKUNG,528
2020-08-21,CAKUNG,538
2020-08-22,CAKUNG,549
2020-08-23,CAKUNG,560
2020-08-24,CAKUNG,570
2020-08-25,CAKUNG,581
2020-08-26,CAKUNG,592
2020-08-27,CAKUNG,602
2020-08-28,CAKUNG,613
2020-08-29,CAKUNG,624
2020-08-30,CAKUNG,635
2020-08-31,CAKUNG,646
2020-09-01,CAKUNG,657
2020-09-02,CAKUNG,668
2020-09-03,CAKUNG,676
2020-09-04,CAKUNG,695
2020-09-05,CAKUNG,823
2020-09-06,CAKUNG,824
2020-09-07,CAKUNG,851
2020-09-08,CAKUNG,799
2020-09-09,CAKUNG,838
2020-09-10,CAKUNG,866
2020-09-11,CAKUNG,916
2020-09-12,CAKUNG,945
2020-09-13,CAKUNG,1041
2020-09-14,CAKUNG,993
2020-09-15,CAKUNG,1047
2020-09-16,CAKUNG,1056
2020-09-17,CAKUNG,1089
2020-09-18,CAKUNG,1126
2020-09-19,CAKUNG,1150
2020-09-20,CAKUNG,1187
2020-09-21,CAKUNG,1204
2020-09-22,CAKUNG,1234
2020-09-23,CAKUNG,1281
2020-09-24,CAKUNG,1282
2020-09-25,CAKUNG,1359
2020-09-26,CAKUNG,1429
2020-09-27,CAKUNG,1473
2020-09-28,CAKUNG,1562
2020-09-29,CAKUNG,1588
2020-09-30,CAKUNG,1620
2020-10-01,CAKUNG,1671
2020-10-02,CAKUNG,1696
2020-10-03,CAKUNG,1722
2020-10-04,CAKUNG,1737
2020-10-05,CAKUNG,1775
2020-10-06,CAKUNG,1802
2020-10-07,CAKUNG,1871
2020-10-08,CAKUNG,1900
2020-10-09,CAKUNG,1964
2020-10-10,CAKUNG,2011
2020-10-11,CAKUNG,2075
2020-10-12,CAKUNG,2093
2020-10-13,CAKUNG,2102
2020-10-14,CAKUNG,2151
2020-10-15,CAKUNG,2165
2020-10-16,CAKUNG,2208
2020-10-17,CAKUNG,2261
2020-10-18,CAKUNG,2283
2020-10-19,CAKUNG,2298
2020-10-20,CAKUNG,2338
2020-10-21,CAKUNG,2362
2020-10-22,CAKUNG,2392
2020-10-23,CAKUNG,2406
2020-10-24,CAKUNG,2447
2020-10-25,CAKUNG,2476
2020-10-26,CAKUNG,2517
2020-10-27,CAKUNG,2524
2020-10-28,CAKUNG,2553
2020-10-29,CAKUNG,2559
2020-10-30,CAKUNG,2585
2020-10-31,CAKUNG,2607
2020-11-01,CAKUNG,2629
2020-11-02,CAKUNG,2666
2020-11-03,CAKUNG,2701
2020-11-04,CAKUNG,2733
2020-11-05,CAKUNG,2761
2020-11-06,CAKUNG,2777
2020-11-07,CAKUNG,2840
2020-11-08,CAKUNG,2873
2020-11-09,CAKUNG,2891
2020-11-10,CAKUNG,2932
2020-11-11,CAKUNG,2943
2020-11-12,CAKUNG,2972
2020-11-13,CAKUNG,3017
2020-11-14,CAKUNG,3058
2020-11-15,CAKUNG,3106
2020-11-16,CAKUNG,3140
2020-11-17,CAKUNG,3161
2020-11-18,CAKUNG,3196
2020-11-19,CAKUNG,3232
2020-11-20,CAKUNG,3272
2020-11-21,CAKUNG,3320
2020-11-22,CAKUNG,3378
2020-11-23,CAKUNG,3424
2020-11-24,CAKUNG,3453
2020-11-25,CAKUNG,3479
2020-11-26,CAKUNG,3506
2020-11-27,CAKUNG,3552
2020-11-28,CAKUNG,3617
2020-11-29,CAKUNG,3645
2020-11-30,CAKUNG,3658
2020-03-25,CIPAYUNG,1
2020-03-26,CIPAYUNG,2
2020-03-27,CIPAYUNG,2
2020-03-28,CIPAYUNG,3
2020-03-29,CIPAYUNG,3
2020-03-30,CIPAYUNG,4
2020-03-31,CIPAYUNG,6
2020-04-01,CIPAYUNG,6
2020-04-02,CIPAYUNG,8
2020-04-03,CIPAYUNG,8
2020-04-04,CIPAYUNG,9
2020-04-05,CIPAYUNG,9
2020-04-06,CIPAYUNG,9
2020-04-07,CIPAYUNG,9
2020-04-08,CIPAYUNG,8
2020-04-09,CIPAYUNG,8
2020-04-10,CIPAYUNG,11
2020-04-11,CIPAYUNG,11
2020-04-12,CIPAYUNG,12
2020-04-13,CIPAYUNG,15
2020-04-14,CIPAYUNG,17
2020-04-15,CIPAYUNG,17
2020-04-16,CIPAYUNG,18
2020-04-17,CIPAYUNG,19
2020-04-18,CIPAYUNG,24
2020-04-19,CIPAYUNG,24
2020-04-20,CIPAYUNG,26
2020-04-21,CIPAYUNG,26
2020-04-22,CIPAYUNG,27
2020-04-23,CIPAYUNG,28
2020-04-24,CIPAYUNG,31
2020-04-25,CIPAYUNG,33
2020-04-26,CIPAYUNG,31
2020-04-27,CIPAYUNG,37
2020-04-28,CIPAYUNG,37
2020-04-29,CIPAYUNG,37
2020-04-30,CIPAYUNG,38
2020-05-01,CIPAYUNG,39
2020-05-02,CIPAYUNG,39
2020-05-03,CIPAYUNG,41
2020-05-04,CIPAYUNG,44
2020-05-05,CIPAYUNG,46
2020-05-06,CIPAYUNG,46
2020-05-07,CIPAYUNG,48
2020-05-08,CIPAYUNG,50
2020-05-09,CIPAYUNG,51
2020-05-10,CIPAYUNG,51
2020-05-11,CIPAYUNG,57
2020-05-12,CIPAYUNG,56
2020-05-13,CIPAYUNG,59
2020-05-14,CIPAYUNG,59
2020-05-15,CIPAYUNG,59
2020-05-16,CIPAYUNG,62
2020-05-17,CIPAYUNG,62
2020-05-18,CIPAYUNG,62
2020-05-19,CIPAYUNG,64
2020-05-20,CIPAYUNG,66
2020-05-21,CIPAYUNG,67
2020-05-22,CIPAYUNG,67
2020-05-23,CIPAYUNG,69
2020-05-24,CIPAYUNG,69
2020-05-25,CIPAYUNG,69
2020-05-26,CIPAYUNG,69
2020-05-27,CIPAYUNG,69
2020-05-28,CIPAYUNG,69
2020-05-29,CIPAYUNG,69
2020-05-30,CIPAYUNG,69
2020-05-31,CIPAYUNG,69
2020-06-01,CIPAYUNG,69
2020-06-02,CIPAYUNG,69
2020-06-03,CIPAYUNG,70
2020-06-04,CIPAYUNG,71
2020-06-05,CIPAYUNG,71
2020-06-06,CIPAYUNG,71
2020-06-07,CIPAYUNG,71
2020-06-08,CIPAYUNG,71
2020-06-09,CIPAYUNG,72
2020-06-10,CIPAYUNG,73
2020-06-11,CIPAYUNG,74
2020-06-12,CIPAYUNG,74
2020-06-13,CIPAYUNG,74
2020-06-14,CIPAYUNG,74
2020-06-15,CIPAYUNG,74
2020-06-16,CIPAYUNG,74
2020-06-17,CIPAYUNG,78
2020-06-18,CIPAYUNG,81
2020-06-19,CIPAYUNG,83
2020-06-20,CIPAYUNG,87
2020-06-21,CIPAYUNG,87
2020-06-22,CIPAYUNG,88
2020-06-23,CIPAYUNG,88
2020-06-24,CIPAYUNG,89
2020-06-25,CIPAYUNG,87
2020-06-26,CIPAYUNG,91
2020-06-27,CIPAYUNG,101
2020-06-28,CIPAYUNG,101
2020-06-29,CIPAYUNG,102
2020-06-30,CIPAYUNG,105
2020-07-01,CIPAYUNG,105
2020-07-02,CIPAYUNG,108
2020-07-03,CIPAYUNG,112
2020-07-04,CIPAYUNG,112
2020-07-05,CIPAYUNG,113
2020-07-06,CIPAYUNG,114
2020-07-07,CIPAYUNG,117
2020-07-08,CIPAYUNG,118
2020-07-09,CIPAYUNG,121
2020-07-10,CIPAYUNG,124
2020-07-11,CIPAYUNG,124
2020-07-12,CIPAYUNG,130
2020-07-13,CIPAYUNG,124
2020-07-14,CIPAYUNG,129
2020-07-15,CIPAYUNG,140
2020-07-16,CIPAYUNG,144
2020-07-17,CIPAYUNG,150
2020-07-18,CIPAYUNG,156
2020-07-19,CIPAYUNG,156
2020-07-20,CIPAYUNG,156
2020-07-21,CIPAYUNG,163
2020-07-22,CIPAYUNG,166
2020-07-23,CIPAYUNG,168
2020-07-24,CIPAYUNG,175
2020-07-25,CIPAYUNG,192
2020-07-26,CIPAYUNG,192
2020-07-27,CIPAYUNG,203
2020-07-28,CIPAYUNG,201
2020-07-29,CIPAYUNG,222
2020-07-30,CIPAYUNG,227
2020-07-31,CIPAYUNG,222
2020-08-01,CIPAYUNG,225
2020-08-02,CIPAYUNG,229
2020-08-03,CIPAYUNG,233
2020-08-04,CIPAYUNG,237
2020-08-05,CIPAYUNG,241
2020-08-06,CIPAYUNG,245
2020-08-07,CIPAYUNG,250
2020-08-08,CIPAYUNG,255
2020-08-09,CIPAYUNG,260
2020-08-10,CIPAYUNG,266
2020-08-11,CIPAYUNG,271
2020-08-12,CIPAYUNG,277
2020-08-13,CIPAYUNG,283
2020-08-14,CIPAYUNG,289
2020-08-15,CIPAYUNG,295
2020-08-16,CIPAYUNG,301
2020-08-17,CIPAYUNG,308
2020-08-18,CIPAYUNG,315
2020-08-19,CIPAYUNG,322
2020-08-20,CIPAYUNG,329
2020-08-21,CIPAYUNG,336
2020-08-22,CIPAYUNG,343
2020-08-23,CIPAYUNG,351
2020-08-24,CIPAYUNG,359
2020-08-25,CIPAYUNG,366
2020-08-26,CIPAYUNG,375
2020-08-27,CIPAYUNG,383
2020-08-28,CIPAYUNG,391
2020-08-29,CIPAYUNG,399
2020-08-30,CIPAYUNG,408
2020-08-31,CIPAYUNG,417
2020-09-01,CIPAYUNG,426
2020-09-02,CIPAYUNG,436
2020-09-03,CIPAYUNG,441
2020-09-04,CIPAYUNG,457
2020-09-05,CIPAYUNG,473
2020-09-06,CIPAYUNG,479
2020-09-07,CIPAYUNG,495
2020-09-08,CIPAYUNG,502
2020-09-09,CIPAYUNG,518
2020-09-10,CIPAYUNG,535
2020-09-11,CIPAYUNG,554
2020-09-12,CIPAYUNG,570
2020-09-13,CIPAYUNG,598
2020-09-14,CIPAYUNG,612
2020-09-15,CIPAYUNG,631
2020-09-16,CIPAYUNG,639
2020-09-17,CIPAYUNG,674
2020-09-18,CIPAYUNG,678
2020-09-19,CIPAYUNG,711
2020-09-20,CIPAYUNG,733
2020-09-21,CIPAYUNG,746
2020-09-22,CIPAYUNG,751
2020-09-23,CIPAYUNG,810
2020-09-24,CIPAYUNG,811
2020-09-25,CIPAYUNG,838
2020-09-26,CIPAYUNG,852
2020-09-27,CIPAYUNG,883
2020-09-28,CIPAYUNG,909
2020-09-29,CIPAYUNG,929
2020-09-30,CIPAYUNG,959
2020-10-01,CIPAYUNG,1007
2020-10-02,CIPAYUNG,1026
2020-10-03,CIPAYUNG,1083
2020-10-04,CIPAYUNG,1101
2020-10-05,CIPAYUNG,1106
2020-10-06,CIPAYUNG,1131
2020-10-07,CIPAYUNG,1159
2020-10-08,CIPAYUNG,1169
2020-10-09,CIPAYUNG,1198
2020-10-10,CIPAYUNG,1204
2020-10-11,CIPAYUNG,1235
2020-10-12,CIPAYUNG,1246
2020-10-13,CIPAYUNG,1270
2020-10-14,CIPAYUNG,1299
2020-10-15,CIPAYUNG,1316
2020-10-16,CIPAYUNG,1331
2020-10-17,CIPAYUNG,1361
2020-10-18,CIPAYUNG,1369
2020-10-19,CIPAYUNG,1384
2020-10-20,CIPAYUNG,1408
2020-10-21,CIPAYUNG,1424
2020-10-22,CIPAYUNG,1434
2020-10-23,CIPAYUNG,1443
2020-10-24,CIPAYUNG,1459
2020-10-25,CIPAYUNG,1487
2020-10-26,CIPAYUNG,1504
2020-10-27,CIPAYUNG,1508
2020-10-28,CIPAYUNG,1531
2020-10-29,CIPAYUNG,1545
2020-10-30,CIPAYUNG,1562
2020-10-31,CIPAYUNG,1571
2020-11-01,CIPAYUNG,1578
2020-11-02,CIPAYUNG,1617
2020-11-03,CIPAYUNG,1626
2020-11-04,CIPAYUNG,1651
2020-11-05,CIPAYUNG,1660
2020-11-06,CIPAYUNG,1685
2020-11-07,CIPAYUNG,1710
2020-11-08,CIPAYUNG,1723
2020-11-09,CIPAYUNG,1742
2020-11-10,CIPAYUNG,1759
2020-11-11,CIPAYUNG,1763
2020-11-12,CIPAYUNG,1773
2020-11-13,CIPAYUNG,1799
2020-11-14,CIPAYUNG,1819
2020-11-15,CIPAYUNG,1843
2020-11-16,CIPAYUNG,1854
2020-11-17,CIPAYUNG,1881
2020-11-18,CIPAYUNG,1896
2020-11-19,CIPAYUNG,1914
2020-11-20,CIPAYUNG,1943
2020-11-21,CIPAYUNG,1962
2020-11-22,CIPAYUNG,1991
2020-11-23,CIPAYUNG,2014
2020-11-24,CIPAYUNG,2051
2020-11-25,CIPAYUNG,2088
2020-11-26,CIPAYUNG,2108
2020-11-27,CIPAYUNG,2126
2020-11-28,CIPAYUNG,2162
2020-11-29,CIPAYUNG,2189
2020-11-30,CIPAYUNG,2214
2020-03-25,CIRACAS,3
2020-03-26,CIRACAS,3
2020-03-27,CIRACAS,3
2020-03-28,CIRACAS,3
2020-03-29,CIRACAS,3
2020-03-30,CIRACAS,3
2020-03-31,CIRACAS,3
2020-04-01,CIRACAS,3
2020-04-02,CIRACAS,3
2020-04-03,CIRACAS,5
2020-04-04,CIRACAS,7
2020-04-05,CIRACAS,10
2020-04-06,CIRACAS,10
2020-04-07,CIRACAS,10
2020-04-08,CIRACAS,10
2020-04-09,CIRACAS,12
2020-04-10,CIRACAS,13
2020-04-11,CIRACAS,13
2020-04-12,CIRACAS,13
2020-04-13,CIRACAS,14
2020-04-14,CIRACAS,16
2020-04-15,CIRACAS,16
2020-04-16,CIRACAS,21
2020-04-17,CIRACAS,23
2020-04-18,CIRACAS,23
2020-04-19,CIRACAS,23
2020-04-20,CIRACAS,24
2020-04-21,CIRACAS,27
2020-04-22,CIRACAS,28
2020-04-23,CIRACAS,27
2020-04-24,CIRACAS,28
2020-04-25,CIRACAS,30
2020-04-26,CIRACAS,34
2020-04-27,CIRACAS,35
2020-04-28,CIRACAS,36
2020-04-29,CIRACAS,38
2020-04-30,CIRACAS,39
2020-05-01,CIRACAS,42
2020-05-02,CIRACAS,45
2020-05-03,CIRACAS,46
2020-05-04,CIRACAS,45
2020-05-05,CIRACAS,43
2020-05-06,CIRACAS,42
2020-05-07,CIRACAS,42
2020-05-08,CIRACAS,42
2020-05-09,CIRACAS,42
2020-05-10,CIRACAS,45
2020-05-11,CIRACAS,45
2020-05-12,CIRACAS,45
2020-05-13,CIRACAS,45
2020-05-14,CIRACAS,46
2020-05-15,CIRACAS,46
2020-05-16,CIRACAS,48
2020-05-17,CIRACAS,49
2020-05-18,CIRACAS,48
2020-05-19,CIRACAS,52
2020-05-20,CIRACAS,54
2020-05-21,CIRACAS,55
2020-05-22,CIRACAS,55
2020-05-23,CIRACAS,57
2020-05-24,CIRACAS,58
2020-05-25,CIRACAS,59
2020-05-26,CIRACAS,60
2020-05-27,CIRACAS,60
2020-05-28,CIRACAS,61
2020-05-29,CIRACAS,61
2020-05-30,CIRACAS,62
2020-05-31,CIRACAS,63
2020-06-01,CIRACAS,63
2020-06-02,CIRACAS,62
2020-06-03,CIRACAS,64
2020-06-04,CIRACAS,65
2020-06-05,CIRACAS,65
2020-06-06,CIRACAS,65
2020-06-07,CIRACAS,66
2020-06-08,CIRACAS,63
2020-06-09,CIRACAS,63
2020-06-10,CIRACAS,64
2020-06-11,CIRACAS,66
2020-06-12,CIRACAS,73
2020-06-13,CIRACAS,77
2020-06-14,CIRACAS,79
2020-06-15,CIRACAS,80
2020-06-16,CIRACAS,84
2020-06-17,CIRACAS,85
2020-06-18,CIRACAS,86
2020-06-19,CIRACAS,86
2020-06-20,CIRACAS,88
2020-06-21,CIRACAS,88
2020-06-22,CIRACAS,87
2020-06-23,CIRACAS,87
2020-06-24,CIRACAS,106
2020-06-25,CIRACAS,106
2020-06-26,CIRACAS,112
2020-06-27,CIRACAS,119
2020-06-28,CIRACAS,121
2020-06-29,CIRACAS,121
2020-06-30,CIRACAS,124
2020-07-01,CIRACAS,127
2020-07-02,CIRACAS,127
2020-07-03,CIRACAS,131
2020-07-04,CIRACAS,134
2020-07-05,CIRACAS,135
2020-07-06,CIRACAS,136
2020-07-07,CIRACAS,140
2020-07-08,CIRACAS,143
2020-07-09,CIRACAS,143
2020-07-10,CIRACAS,148
2020-07-11,CIRACAS,149
2020-07-12,CIRACAS,152
2020-07-13,CIRACAS,154
2020-07-14,CIRACAS,164
2020-07-15,CIRACAS,169
2020-07-16,CIRACAS,170
2020-07-17,CIRACAS,172
2020-07-18,CIRACAS,174
2020-07-19,CIRACAS,177
2020-07-20,CIRACAS,179
2020-07-21,CIRACAS,179
2020-07-22,CIRACAS,181
2020-07-23,CIRACAS,182
2020-07-24,CIRACAS,195
2020-07-25,CIRACAS,198
2020-07-26,CIRACAS,198
2020-07-27,CIRACAS,214
2020-07-28,CIRACAS,215
2020-07-29,CIRACAS,218
2020-07-30,CIRACAS,221
2020-07-31,CIRACAS,218
2020-08-01,CIRACAS,216
2020-08-02,CIRACAS,215
2020-08-03,CIRACAS,214
2020-08-04,CIRACAS,214
2020-08-05,CIRACAS,214
2020-08-06,CIRACAS,215
2020-08-07,CIRACAS,216
2020-08-08,CIRACAS,217
2020-08-09,CIRACAS,219
2020-08-10,CIRACAS,222
2020-08-11,CIRACAS,224
2020-08-12,CIRACAS,227
2020-08-13,CIRACAS,231
2020-08-14,CIRACAS,235
2020-08-15,CIRACAS,239
2020-08-16,CIRACAS,244
2020-08-17,CIRACAS,249
2020-08-18,CIRACAS,255
2020-08-19,CIRACAS,261
2020-08-20,CIRACAS,267
2020-08-21,CIRACAS,274
2020-08-22,CIRACAS,281
2020-08-23,CIRACAS,289
2020-08-24,CIRACAS,297
2020-08-25,CIRACAS,305
2020-08-26,CIRACAS,314
2020-08-27,CIRACAS,324
2020-08-28,CIRACAS,333
2020-08-29,CIRACAS,344
2020-08-30,CIRACAS,354
2020-08-31,CIRACAS,365
2020-09-01,CIRACAS,377
2020-09-02,CIRACAS,412
2020-09-03,CIRACAS,419
2020-09-04,CIRACAS,432
2020-09-05,CIRACAS,470
2020-09-06,CIRACAS,471
2020-09-07,CIRACAS,486
2020-09-08,CIRACAS,460
2020-09-09,CIRACAS,491
2020-09-10,CIRACAS,525
2020-09-11,CIRACAS,555
2020-09-12,CIRACAS,585
2020-09-13,CIRACAS,632
2020-09-14,CIRACAS,622
2020-09-15,CIRACAS,630
2020-09-16,CIRACAS,636
2020-09-17,CIRACAS,654
2020-09-18,CIRACAS,667
2020-09-19,CIRACAS,696
2020-09-20,CIRACAS,723
2020-09-21,CIRACAS,731
2020-09-22,CIRACAS,739
2020-09-23,CIRACAS,766
2020-09-24,CIRACAS,771
2020-09-25,CIRACAS,795
2020-09-26,CIRACAS,822
2020-09-27,CIRACAS,848
2020-09-28,CIRACAS,905
2020-09-29,CIRACAS,919
2020-09-30,CIRACAS,933
2020-10-01,CIRACAS,959
2020-10-02,CIRACAS,970
2020-10-03,CIRACAS,994
2020-10-04,CIRACAS,1008
2020-10-05,CIRACAS,1030
2020-10-06,CIRACAS,1047
2020-10-07,CIRACAS,1082
2020-10-08,CIRACAS,1094
2020-10-09,CIRACAS,1116
2020-10-10,CIRACAS,1134
2020-10-11,CIRACAS,1155
2020-10-12,CIRACAS,1176
2020-10-13,CIRACAS,1195
2020-10-14,CIRACAS,1214
2020-10-15,CIRACAS,1233
2020-10-16,CIRACAS,1255
2020-10-17,CIRACAS,1273
2020-10-18,CIRACAS,1295
2020-10-19,CIRACAS,1310
2020-10-20,CIRACAS,1334
2020-10-21,CIRACAS,1348
2020-10-22,CIRACAS,1373
2020-10-23,CIRACAS,1392
2020-10-24,CIRACAS,1397
2020-10-25,CIRACAS,1425
2020-10-26,CIRACAS,1431
2020-10-27,CIRACAS,1440
2020-10-28,CIRACAS,1455
2020-10-29,CIRACAS,1458
2020-10-30,CIRACAS,1465
2020-10-31,CIRACAS,1489
2020-11-01,CIRACAS,1495
2020-11-02,CIRACAS,1507
2020-11-03,CIRACAS,1523
2020-11-04,CIRACAS,1561
2020-11-05,CIRACAS,1575
2020-11-06,CIRACAS,1588
2020-11-07,CIRACAS,1611
2020-11-08,CIRACAS,1623
2020-11-09,CIRACAS,1642
2020-11-10,CIRACAS,1655
2020-11-11,CIRACAS,1677
2020-11-12,CIRACAS,1691
2020-11-13,CIRACAS,1719
2020-11-14,CIRACAS,1737
2020-11-15,CIRACAS,1770
2020-11-16,CIRACAS,1792
2020-11-17,CIRACAS,1799
2020-11-18,CIRACAS,1829
2020-11-19,CIRACAS,1848
2020-11-20,CIRACAS,1893
2020-11-21,CIRACAS,1926
2020-11-22,CIRACAS,1939
2020-11-23,CIRACAS,1948
2020-11-24,CIRACAS,1969
2020-11-25,CIRACAS,2002
2020-11-26,CIRACAS,2025
2020-11-27,CIRACAS,2055
2020-11-28,CIRACAS,2099
2020-11-29,CIRACAS,2135
2020-11-30,CIRACAS,2147
2020-03-25,DUREN SAWIT,11
2020-03-26,DUREN SAWIT,13
2020-03-27,DUREN SAWIT,14
2020-03-28,DUREN SAWIT,16
2020-03-29,DUREN SAWIT,17
2020-03-30,DUREN SAWIT,19
2020-03-31,DUREN SAWIT,26
2020-04-01,DUREN SAWIT,29
2020-04-02,DUREN SAWIT,30
2020-04-03,DUREN SAWIT,34
2020-04-04,DUREN SAWIT,35
2020-04-05,DUREN SAWIT,46
2020-04-06,DUREN SAWIT,48
2020-04-07,DUREN SAWIT,48
2020-04-08,DUREN SAWIT,52
2020-04-09,DUREN SAWIT,61
2020-04-10,DUREN SAWIT,61
2020-04-11,DUREN SAWIT,65
2020-04-12,DUREN SAWIT,67
2020-04-13,DUREN SAWIT,68
2020-04-14,DUREN SAWIT,71
2020-04-15,DUREN SAWIT,74
2020-04-16,DUREN SAWIT,80
2020-04-17,DUREN SAWIT,82
2020-04-18,DUREN SAWIT,87
2020-04-19,DUREN SAWIT,91
2020-04-20,DUREN SAWIT,95
2020-04-21,DUREN SAWIT,100
2020-04-22,DUREN SAWIT,112
2020-04-23,DUREN SAWIT,117
2020-04-24,DUREN SAWIT,119
2020-04-25,DUREN SAWIT,120
2020-04-26,DUREN SAWIT,125
2020-04-27,DUREN SAWIT,126
2020-04-28,DUREN SAWIT,129
2020-04-29,DUREN SAWIT,133
2020-04-30,DUREN SAWIT,135
2020-05-01,DUREN SAWIT,141
2020-05-02,DUREN SAWIT,142
2020-05-03,DUREN SAWIT,148
2020-05-04,DUREN SAWIT,153
2020-05-05,DUREN SAWIT,153
2020-05-06,DUREN SAWIT,154
2020-05-07,DUREN SAWIT,153
2020-05-08,DUREN SAWIT,153
2020-05-09,DUREN SAWIT,158
2020-05-10,DUREN SAWIT,162
2020-05-11,DUREN SAWIT,163
2020-05-12,DUREN SAWIT,172
2020-05-13,DUREN SAWIT,175
2020-05-14,DUREN SAWIT,186
2020-05-15,DUREN SAWIT,188
2020-05-16,DUREN SAWIT,195
2020-05-17,DUREN SAWIT,197
2020-05-18,DUREN SAWIT,223
2020-05-19,DUREN SAWIT,224
2020-05-20,DUREN SAWIT,231
2020-05-21,DUREN SAWIT,234
2020-05-22,DUREN SAWIT,236
2020-05-23,DUREN SAWIT,241
2020-05-24,DUREN SAWIT,242
2020-05-25,DUREN SAWIT,243
2020-05-26,DUREN SAWIT,243
2020-05-27,DUREN SAWIT,246
2020-05-28,DUREN SAWIT,247
2020-05-29,DUREN SAWIT,247
2020-05-30,DUREN SAWIT,251
2020-05-31,DUREN SAWIT,252
2020-06-01,DUREN SAWIT,255
2020-06-02,DUREN SAWIT,265
2020-06-03,DUREN SAWIT,269
2020-06-04,DUREN SAWIT,279
2020-06-05,DUREN SAWIT,277
2020-06-06,DUREN SAWIT,278
2020-06-07,DUREN SAWIT,279
2020-06-08,DUREN SAWIT,282
2020-06-09,DUREN SAWIT,281
2020-06-10,DUREN SAWIT,285
2020-06-11,DUREN SAWIT,291
2020-06-12,DUREN SAWIT,293
2020-06-13,DUREN SAWIT,304
2020-06-14,DUREN SAWIT,304
2020-06-15,DUREN SAWIT,304
2020-06-16,DUREN SAWIT,305
2020-06-17,DUREN SAWIT,307
2020-06-18,DUREN SAWIT,309
2020-06-19,DUREN SAWIT,313
2020-06-20,DUREN SAWIT,315
2020-06-21,DUREN SAWIT,315
2020-06-22,DUREN SAWIT,315
2020-06-23,DUREN SAWIT,316
2020-06-24,DUREN SAWIT,321
2020-06-25,DUREN SAWIT,323
2020-06-26,DUREN SAWIT,335
2020-06-27,DUREN SAWIT,336
2020-06-28,DUREN SAWIT,337
2020-06-29,DUREN SAWIT,338
2020-06-30,DUREN SAWIT,341
2020-07-01,DUREN SAWIT,345
2020-07-02,DUREN SAWIT,349
2020-07-03,DUREN SAWIT,349
2020-07-04,DUREN SAWIT,354
2020-07-05,DUREN SAWIT,356
2020-07-06,DUREN SAWIT,358
2020-07-07,DUREN SAWIT,360
2020-07-08,DUREN SAWIT,360
2020-07-09,DUREN SAWIT,366
2020-07-10,DUREN SAWIT,368
2020-07-11,DUREN SAWIT,368
2020-07-12,DUREN SAWIT,371
2020-07-13,DUREN SAWIT,381
2020-07-14,DUREN SAWIT,403
2020-07-15,DUREN SAWIT,412
2020-07-16,DUREN SAWIT,415
2020-07-17,DUREN SAWIT,423
2020-07-18,DUREN SAWIT,426
2020-07-19,DUREN SAWIT,432
2020-07-20,DUREN SAWIT,452
2020-07-21,DUREN SAWIT,453
2020-07-22,DUREN SAWIT,456
2020-07-23,DUREN SAWIT,459
2020-07-24,DUREN SAWIT,461
2020-07-25,DUREN SAWIT,463
2020-07-26,DUREN SAWIT,463
2020-07-27,DUREN SAWIT,464
2020-07-28,DUREN SAWIT,465
2020-07-29,DUREN SAWIT,493
2020-07-30,DUREN SAWIT,501
2020-07-31,DUREN SAWIT,493
2020-08-01,DUREN SAWIT,490
2020-08-02,DUREN SAWIT,488
2020-08-03,DUREN SAWIT,487
2020-08-04,DUREN SAWIT,487
2020-08-05,DUREN SAWIT,488
2020-08-06,DUREN SAWIT,490
2020-08-07,DUREN SAWIT,494
2020-08-08,DUREN SAWIT,498
2020-08-09,DUREN SAWIT,503
2020-08-10,DUREN SAWIT,509
2020-08-11,DUREN SAWIT,517
2020-08-12,DUREN SAWIT,525
2020-08-13,DUREN SAWIT,534
2020-08-14,DUREN SAWIT,544
2020-08-15,DUREN SAWIT,555
2020-08-16,DUREN SAWIT,567
2020-08-17,DUREN SAWIT,580
2020-08-18,DUREN SAWIT,594
2020-08-19,DUREN SAWIT,609
2020-08-20,DUREN SAWIT,625
2020-08-21,DUREN SAWIT,641
2020-08-22,DUREN SAWIT,659
2020-08-23,DUREN SAWIT,677
2020-08-24,DUREN SAWIT,696
2020-08-25,DUREN SAWIT,716
2020-08-26,DUREN SAWIT,737
2020-08-27,DUREN SAWIT,759
2020-08-28,DUREN SAWIT,781
2020-08-29,DUREN SAWIT,805
2020-08-30,DUREN SAWIT,829
2020-08-31,DUREN SAWIT,854
2020-09-01,DUREN SAWIT,880
2020-09-02,DUREN SAWIT,948
2020-09-03,DUREN SAWIT,956
2020-09-04,DUREN SAWIT,971
2020-09-05,DUREN SAWIT,981
2020-09-06,DUREN SAWIT,1014
2020-09-07,DUREN SAWIT,1044
2020-09-08,DUREN SAWIT,1069
2020-09-09,DUREN SAWIT,1099
2020-09-10,DUREN SAWIT,1126
2020-09-11,DUREN SAWIT,1189
2020-09-12,DUREN SAWIT,1218
2020-09-13,DUREN SAWIT,1255
2020-09-14,DUREN SAWIT,1278
2020-09-15,DUREN SAWIT,1304
2020-09-16,DUREN SAWIT,1324
2020-09-17,DUREN SAWIT,1362
2020-09-18,DUREN SAWIT,1425
2020-09-19,DUREN SAWIT,1443
2020-09-20,DUREN SAWIT,1481
2020-09-21,DUREN SAWIT,1500
2020-09-22,DUREN SAWIT,1510
2020-09-23,DUREN SAWIT,1553
2020-09-24,DUREN SAWIT,1584
2020-09-25,DUREN SAWIT,1650
2020-09-26,DUREN SAWIT,1667
2020-09-27,DUREN SAWIT,1710
2020-09-28,DUREN SAWIT,1754
2020-09-29,DUREN SAWIT,1791
2020-09-30,DUREN SAWIT,1811
2020-10-01,DUREN SAWIT,1878
2020-10-02,DUREN SAWIT,1898
2020-10-03,DUREN SAWIT,1936
2020-10-04,DUREN SAWIT,1958
2020-10-05,DUREN SAWIT,1988
2020-10-06,DUREN SAWIT,2007
2020-10-07,DUREN SAWIT,2054
2020-10-08,DUREN SAWIT,2087
2020-10-09,DUREN SAWIT,2119
2020-10-10,DUREN SAWIT,2152
2020-10-11,DUREN SAWIT,2188
2020-10-12,DUREN SAWIT,2224
2020-10-13,DUREN SAWIT,2245
2020-10-14,DUREN SAWIT,2274
2020-10-15,DUREN SAWIT,2292
2020-10-16,DUREN SAWIT,2328
2020-10-17,DUREN SAWIT,2346
2020-10-18,DUREN SAWIT,2361
2020-10-19,DUREN SAWIT,2391
2020-10-20,DUREN SAWIT,2411
2020-10-21,DUREN SAWIT,2423
2020-10-22,DUREN SAWIT,2436
2020-10-23,DUREN SAWIT,2480
2020-10-24,DUREN SAWIT,2496
2020-10-25,DUREN SAWIT,2557
2020-10-26,DUREN SAWIT,2578
2020-10-27,DUREN SAWIT,2603
2020-10-28,DUREN SAWIT,2632
2020-10-29,DUREN SAWIT,2650
2020-10-30,DUREN SAWIT,2663
2020-10-31,DUREN SAWIT,2715
2020-11-01,DUREN SAWIT,2742
2020-11-02,DUREN SAWIT,2753
2020-11-03,DUREN SAWIT,2771
2020-11-04,DUREN SAWIT,2803
2020-11-05,DUREN SAWIT,2822
2020-11-06,DUREN SAWIT,2848
2020-11-07,DUREN SAWIT,2872
2020-11-08,DUREN SAWIT,2902
2020-11-09,DUREN SAWIT,2932
2020-11-10,DUREN SAWIT,2975
2020-11-11,DUREN SAWIT,2990
2020-11-12,DUREN SAWIT,3008
2020-11-13,DUREN SAWIT,3048
2020-11-14,DUREN SAWIT,3087
2020-11-15,DUREN SAWIT,3127
2020-11-16,DUREN SAWIT,3143
2020-11-17,DUREN SAWIT,3201
2020-11-18,DUREN SAWIT,3235
2020-11-19,DUREN SAWIT,3265
2020-11-20,DUREN SAWIT,3317
2020-11-21,DUREN SAWIT,3364
2020-11-22,DUREN SAWIT,3400
2020-11-23,DUREN SAWIT,3412
2020-11-24,DUREN SAWIT,3449
2020-11-25,DUREN SAWIT,3508
2020-11-26,DUREN SAWIT,3536
2020-11-27,DUREN SAWIT,3587
2020-11-28,DUREN SAWIT,3641
2020-11-29,DUREN SAWIT,3697
2020-11-30,DUREN SAWIT,3719
2020-03-25,JATINEGARA,2
2020-03-26,JATINEGARA,5
2020-03-27,JATINEGARA,6
2020-03-28,JATINEGARA,7
2020-03-29,JATINEGARA,9
2020-03-30,JATINEGARA,9
2020-03-31,JATINEGARA,11
2020-04-01,JATINEGARA,12
2020-04-02,JATINEGARA,12
2020-04-03,JATINEGARA,13
2020-04-04,JATINEGARA,16
2020-04-05,JATINEGARA,18
2020-04-06,JATINEGARA,22
2020-04-07,JATINEGARA,24
2020-04-08,JATINEGARA,26
2020-04-09,JATINEGARA,26
2020-04-10,JATINEGARA,28
2020-04-11,JATINEGARA,30
2020-04-12,JATINEGARA,32
2020-04-13,JATINEGARA,41
2020-04-14,JATINEGARA,45
2020-04-15,JATINEGARA,44
2020-04-16,JATINEGARA,45
2020-04-17,JATINEGARA,46
2020-04-18,JATINEGARA,47
2020-04-19,JATINEGARA,50
2020-04-20,JATINEGARA,53
2020-04-21,JATINEGARA,56
2020-04-22,JATINEGARA,58
2020-04-23,JATINEGARA,61
2020-04-24,JATINEGARA,67
2020-04-25,JATINEGARA,66
2020-04-26,JATINEGARA,68
2020-04-27,JATINEGARA,70
2020-04-28,JATINEGARA,71
2020-04-29,JATINEGARA,70
2020-04-30,JATINEGARA,72
2020-05-01,JATINEGARA,75
2020-05-02,JATINEGARA,79
2020-05-03,JATINEGARA,81
2020-05-04,JATINEGARA,83
2020-05-05,JATINEGARA,83
2020-05-06,JATINEGARA,84
2020-05-07,JATINEGARA,87
2020-05-08,JATINEGARA,91
2020-05-09,JATINEGARA,93
2020-05-10,JATINEGARA,104
2020-05-11,JATINEGARA,104
2020-05-12,JATINEGARA,108
2020-05-13,JATINEGARA,111
2020-05-14,JATINEGARA,114
2020-05-15,JATINEGARA,113
2020-05-16,JATINEGARA,120
2020-05-17,JATINEGARA,123
2020-05-18,JATINEGARA,125
2020-05-19,JATINEGARA,125
2020-05-20,JATINEGARA,129
2020-05-21,JATINEGARA,131
2020-05-22,JATINEGARA,131
2020-05-23,JATINEGARA,132
2020-05-24,JATINEGARA,132
2020-05-25,JATINEGARA,132
2020-05-26,JATINEGARA,136
2020-05-27,JATINEGARA,142
2020-05-28,JATINEGARA,142
2020-05-29,JATINEGARA,145
2020-05-30,JATINEGARA,146
2020-05-31,JATINEGARA,147
2020-06-01,JATINEGARA,148
2020-06-02,JATINEGARA,150
2020-06-03,JATINEGARA,150
2020-06-04,JATINEGARA,145
2020-06-05,JATINEGARA,148
2020-06-06,JATINEGARA,149
2020-06-07,JATINEGARA,164
2020-06-08,JATINEGARA,164
2020-06-09,JATINEGARA,162
2020-06-10,JATINEGARA,161
2020-06-11,JATINEGARA,167
2020-06-12,JATINEGARA,172
2020-06-13,JATINEGARA,173
2020-06-14,JATINEGARA,174
2020-06-15,JATINEGARA,176
2020-06-16,JATINEGARA,178
2020-06-17,JATINEGARA,183
2020-06-18,JATINEGARA,185
2020-06-19,JATINEGARA,188
2020-06-20,JATINEGARA,188
2020-06-21,JATINEGARA,188
2020-06-22,JATINEGARA,192
2020-06-23,JATINEGARA,202
2020-06-24,JATINEGARA,202
2020-06-25,JATINEGARA,202
2020-06-26,JATINEGARA,203
2020-06-27,JATINEGARA,204
2020-06-28,JATINEGARA,204
2020-06-29,JATINEGARA,205
2020-06-30,JATINEGARA,207
2020-07-01,JATINEGARA,208
2020-07-02,JATINEGARA,209
2020-07-03,JATINEGARA,217
2020-07-04,JATINEGARA,222
2020-07-05,JATINEGARA,222
2020-07-06,JATINEGARA,222
2020-07-07,JATINEGARA,225
2020-07-08,JATINEGARA,232
2020-07-09,JATINEGARA,232
2020-07-10,JATINEGARA,233
2020-07-11,JATINEGARA,234
2020-07-12,JATINEGARA,236
2020-07-13,JATINEGARA,240
2020-07-14,JATINEGARA,244
2020-07-15,JATINEGARA,253
2020-07-16,JATINEGARA,253
2020-07-17,JATINEGARA,263
2020-07-18,JATINEGARA,266
2020-07-19,JATINEGARA,276
2020-07-20,JATINEGARA,281
2020-07-21,JATINEGARA,291
2020-07-22,JATINEGARA,297
2020-07-23,JATINEGARA,301
2020-07-24,JATINEGARA,304
2020-07-25,JATINEGARA,310
2020-07-26,JATINEGARA,310
2020-07-27,JATINEGARA,314
2020-07-28,JATINEGARA,315
2020-07-29,JATINEGARA,317
2020-07-30,JATINEGARA,322
2020-07-31,JATINEGARA,317
2020-08-01,JATINEGARA,321
2020-08-02,JATINEGARA,326
2020-08-03,JATINEGARA,331
2020-08-04,JATINEGARA,336
2020-08-05,JATINEGARA,341
2020-08-06,JATINEGARA,347
2020-08-07,JATINEGARA,352
2020-08-08,JATINEGARA,358
2020-08-09,JATINEGARA,364
2020-08-10,JATINEGARA,370
2020-08-11,JATINEGARA,376
2020-08-12,JATINEGARA,382
2020-08-13,JATINEGARA,389
2020-08-14,JATINEGARA,395
2020-08-15,JATINEGARA,402
2020-08-16,JATINEGARA,408
2020-08-17,JATINEGARA,415
2020-08-18,JATINEGARA,422
2020-08-19,JATINEGARA,430
2020-08-20,JATINEGARA,437
2020-08-21,JATINEGARA,444
2020-08-22,JATINEGARA,452
2020-08-23,JATINEGARA,459
2020-08-24,JATINEGARA,467
2020-08-25,JATINEGARA,475
2020-08-26,JATINEGARA,482
2020-08-27,JATINEGARA,490
2020-08-28,JATINEGARA,498
2020-08-29,JATINEGARA,507
2020-08-30,JATINEGARA,515
2020-08-31,JATINEGARA,523
2020-09-01,JATINEGARA,532
2020-09-02,JATINEGARA,541
2020-09-03,JATINEGARA,546
2020-09-04,JATINEGARA,564
2020-09-05,JATINEGARA,613
2020-09-06,JATINEGARA,622
2020-09-07,JATINEGARA,643
2020-09-08,JATINEGARA,609
2020-09-09,JATINEGARA,630
2020-09-10,JATINEGARA,652
2020-09-11,JATINEGARA,698
2020-09-12,JATINEGARA,733
2020-09-13,JATINEGARA,783
2020-09-14,JATINEGARA,751
2020-09-15,JATINEGARA,755
2020-09-16,JATINEGARA,802
2020-09-17,JATINEGARA,819
2020-09-18,JATINEGARA,855
2020-09-19,JATINEGARA,875
2020-09-20,JATINEGARA,920
2020-09-21,JATINEGARA,927
2020-09-22,JATINEGARA,931
2020-09-23,JATINEGARA,983
2020-09-24,JATINEGARA,1000
2020-09-25,JATINEGARA,1042
2020-09-26,JATINEGARA,1077
2020-09-27,JATINEGARA,1105
2020-09-28,JATINEGARA,1118
2020-09-29,JATINEGARA,1157
2020-09-30,JATINEGARA,1177
2020-10-01,JATINEGARA,1198
2020-10-02,JATINEGARA,1204
2020-10-03,JATINEGARA,1222
2020-10-04,JATINEGARA,1243
2020-10-05,JATINEGARA,1259
2020-10-06,JATINEGARA,1276
2020-10-07,JATINEGARA,1293
2020-10-08,JATINEGARA,1327
2020-10-09,JATINEGARA,1352
2020-10-10,JATINEGARA,1383
2020-10-11,JATINEGARA,1425
2020-10-12,JATINEGARA,1437
2020-10-13,JATINEGARA,1453
2020-10-14,JATINEGARA,1481
2020-10-15,JATINEGARA,1497
2020-10-16,JATINEGARA,1515
2020-10-17,JATINEGARA,1554
2020-10-18,JATINEGARA,1577
2020-10-19,JATINEGARA,1587
2020-10-20,JATINEGARA,1595
2020-10-21,JATINEGARA,1703
2020-10-22,JATINEGARA,1757
2020-10-23,JATINEGARA,1768
2020-10-24,JATINEGARA,1784
2020-10-25,JATINEGARA,1869
2020-10-26,JATINEGARA,1883
2020-10-27,JATINEGARA,1890
2020-10-28,JATINEGARA,1910
2020-10-29,JATINEGARA,1962
2020-10-30,JATINEGARA,1975
2020-10-31,JATINEGARA,1990
2020-11-01,JATINEGARA,2007
2020-11-02,JATINEGARA,2019
2020-11-03,JATINEGARA,2038
2020-11-04,JATINEGARA,2078
2020-11-05,JATINEGARA,2112
2020-11-06,JATINEGARA,2184
2020-11-07,JATINEGARA,2219
2020-11-08,JATINEGARA,2251
2020-11-09,JATINEGARA,2264
2020-11-10,JATINEGARA,2289
2020-11-11,JATINEGARA,2324
2020-11-12,JATINEGARA,2353
2020-11-13,JATINEGARA,2390
2020-11-14,JATINEGARA,2404
2020-11-15,JATINEGARA,2447
2020-11-16,JATINEGARA,2465
2020-11-17,JATINEGARA,2520
2020-11-18,JATINEGARA,2559
2020-11-19,JATINEGARA,2573
2020-11-20,JATINEGARA,2619
2020-11-21,JATINEGARA,2672
2020-11-22,JATINEGARA,2707
2020-11-23,JATINEGARA,2725
2020-11-24,JATINEGARA,2739
2020-11-25,JATINEGARA,2786
2020-11-26,JATINEGARA,2814
2020-11-27,JATINEGARA,2856
2020-11-28,JATINEGARA,2865
2020-11-29,JATINEGARA,2888
2020-11-30,JATINEGARA,2930
2020-03-25,KRAMAT JATI,7
2020-03-26,KRAMAT JATI,10
2020-03-27,KRAMAT JATI,10
2020-03-28,KRAMAT JATI,11
2020-03-29,KRAMAT JATI,11
2020-03-30,KRAMAT JATI,12
2020-03-31,KRAMAT JATI,15
2020-04-01,KRAMAT JATI,15
2020-04-02,KRAMAT JATI,15
2020-04-03,KRAMAT JATI,15
2020-04-04,KRAMAT JATI,16
2020-04-05,KRAMAT JATI,17
2020-04-06,KRAMAT JATI,16
2020-04-07,KRAMAT JATI,17
2020-04-08,KRAMAT JATI,17
2020-04-09,KRAMAT JATI,20
2020-04-10,KRAMAT JATI,27
2020-04-11,KRAMAT JATI,30
2020-04-12,KRAMAT JATI,31
2020-04-13,KRAMAT JATI,33
2020-04-14,KRAMAT JATI,40
2020-04-15,KRAMAT JATI,41
2020-04-16,KRAMAT JATI,43
2020-04-17,KRAMAT JATI,43
2020-04-18,KRAMAT JATI,45
2020-04-19,KRAMAT JATI,49
2020-04-20,KRAMAT JATI,52
2020-04-21,KRAMAT JATI,57
2020-04-22,KRAMAT JATI,57
2020-04-23,KRAMAT JATI,59
2020-04-24,KRAMAT JATI,63
2020-04-25,KRAMAT JATI,65
2020-04-26,KRAMAT JATI,66
2020-04-27,KRAMAT JATI,68
2020-04-28,KRAMAT JATI,68
2020-04-29,KRAMAT JATI,70
2020-04-30,KRAMAT JATI,71
2020-05-01,KRAMAT JATI,74
2020-05-02,KRAMAT JATI,76
2020-05-03,KRAMAT JATI,80
2020-05-04,KRAMAT JATI,84
2020-05-05,KRAMAT JATI,85
2020-05-06,KRAMAT JATI,86
2020-05-07,KRAMAT JATI,87
2020-05-08,KRAMAT JATI,89
2020-05-09,KRAMAT JATI,91
2020-05-10,KRAMAT JATI,94
2020-05-11,KRAMAT JATI,95
2020-05-12,KRAMAT JATI,99
2020-05-13,KRAMAT JATI,99
2020-05-14,KRAMAT JATI,101
2020-05-15,KRAMAT JATI,102
2020-05-16,KRAMAT JATI,103
2020-05-17,KRAMAT JATI,104
2020-05-18,KRAMAT JATI,112
2020-05-19,KRAMAT JATI,115
2020-05-20,KRAMAT JATI,117
2020-05-21,KRAMAT JATI,118
2020-05-22,KRAMAT JATI,118
2020-05-23,KRAMAT JATI,119
2020-05-24,KRAMAT JATI,120
2020-05-25,KRAMAT JATI,125
2020-05-26,KRAMAT JATI,126
2020-05-27,KRAMAT JATI,129
2020-05-28,KRAMAT JATI,133
2020-05-29,KRAMAT JATI,143
2020-05-30,KRAMAT JATI,145
2020-05-31,KRAMAT JATI,148
2020-06-01,KRAMAT JATI,148
2020-06-02,KRAMAT JATI,150
2020-06-03,KRAMAT JATI,152
2020-06-04,KRAMAT JATI,155
2020-06-05,KRAMAT JATI,158
2020-06-06,KRAMAT JATI,161
2020-06-07,KRAMAT JATI,162
2020-06-08,KRAMAT JATI,166
2020-06-09,KRAMAT JATI,167
2020-06-10,KRAMAT JATI,170
2020-06-11,KRAMAT JATI,173
2020-06-12,KRAMAT JATI,174
2020-06-13,KRAMAT JATI,174
2020-06-14,KRAMAT JATI,174
2020-06-15,KRAMAT JATI,167
2020-06-16,KRAMAT JATI,168
2020-06-17,KRAMAT JATI,170
2020-06-18,KRAMAT JATI,175
2020-06-19,KRAMAT JATI,177
2020-06-20,KRAMAT JATI,178
2020-06-21,KRAMAT JATI,178
2020-06-22,KRAMAT JATI,183
2020-06-23,KRAMAT JATI,184
2020-06-24,KRAMAT JATI,187
2020-06-25,KRAMAT JATI,187
2020-06-26,KRAMAT JATI,195
2020-06-27,KRAMAT JATI,194
2020-06-28,KRAMAT JATI,194
2020-06-29,KRAMAT JATI,194
2020-06-30,KRAMAT JATI,194
2020-07-01,KRAMAT JATI,194
2020-07-02,KRAMAT JATI,201
2020-07-03,KRAMAT JATI,204
2020-07-04,KRAMAT JATI,207
2020-07-05,KRAMAT JATI,208
2020-07-06,KRAMAT JATI,209
2020-07-07,KRAMAT JATI,212
2020-07-08,KRAMAT JATI,216
2020-07-09,KRAMAT JATI,219
2020-07-10,KRAMAT JATI,230
2020-07-11,KRAMAT JATI,231
2020-07-12,KRAMAT JATI,236
2020-07-13,KRAMAT JATI,238
2020-07-14,KRAMAT JATI,246
2020-07-15,KRAMAT JATI,256
2020-07-16,KRAMAT JATI,255
2020-07-17,KRAMAT JATI,260
2020-07-18,KRAMAT JATI,269
2020-07-19,KRAMAT JATI,272
2020-07-20,KRAMAT JATI,274
2020-07-21,KRAMAT JATI,274
2020-07-22,KRAMAT JATI,278
2020-07-23,KRAMAT JATI,280
2020-07-24,KRAMAT JATI,281
2020-07-25,KRAMAT JATI,283
2020-07-26,KRAMAT JATI,283
2020-07-27,KRAMAT JATI,292
2020-07-28,KRAMAT JATI,293
2020-07-29,KRAMAT JATI,297
2020-07-30,KRAMAT JATI,299
2020-07-31,KRAMAT JATI,297
2020-08-01,KRAMAT JATI,297
2020-08-02,KRAMAT JATI,298
2020-08-03,KRAMAT JATI,300
2020-08-04,KRAMAT JATI,302
2020-08-05,KRAMAT JATI,305
2020-08-06,KRAMAT JATI,308
2020-08-07,KRAMAT JATI,312
2020-08-08,KRAMAT JATI,317
2020-08-09,KRAMAT JATI,321
2020-08-10,KRAMAT JATI,327
2020-08-11,KRAMAT JATI,333
2020-08-12,KRAMAT JATI,339
2020-08-13,KRAMAT JATI,346
2020-08-14,KRAMAT JATI,353
2020-08-15,KRAMAT JATI,361
2020-08-16,KRAMAT JATI,370
2020-08-17,KRAMAT JATI,378
2020-08-18,KRAMAT JATI,388
2020-08-19,KRAMAT JATI,398
2020-08-20,KRAMAT JATI,408
2020-08-21,KRAMAT JATI,419
2020-08-22,KRAMAT JATI,431
2020-08-23,KRAMAT JATI,443
2020-08-24,KRAMAT JATI,455
2020-08-25,KRAMAT JATI,468
2020-08-26,KRAMAT JATI,481
2020-08-27,KRAMAT JATI,495
2020-08-28,KRAMAT JATI,510
2020-08-29,KRAMAT JATI,525
2020-08-30,KRAMAT JATI,540
2020-08-31,KRAMAT JATI,556
2020-09-01,KRAMAT JATI,573
2020-09-02,KRAMAT JATI,595
2020-09-03,KRAMAT JATI,624
2020-09-04,KRAMAT JATI,637
2020-09-05,KRAMAT JATI,662
2020-09-06,KRAMAT JATI,684
2020-09-07,KRAMAT JATI,699
2020-09-08,KRAMAT JATI,678
2020-09-09,KRAMAT JATI,688
2020-09-10,KRAMAT JATI,724
2020-09-11,KRAMAT JATI,763
2020-09-12,KRAMAT JATI,777
2020-09-13,KRAMAT JATI,823
2020-09-14,KRAMAT JATI,805
2020-09-15,KRAMAT JATI,825
2020-09-16,KRAMAT JATI,838
2020-09-17,KRAMAT JATI,859
2020-09-18,KRAMAT JATI,875
2020-09-19,KRAMAT JATI,904
2020-09-20,KRAMAT JATI,938
2020-09-21,KRAMAT JATI,953
2020-09-22,KRAMAT JATI,958
2020-09-23,KRAMAT JATI,991
2020-09-24,KRAMAT JATI,1009
2020-09-25,KRAMAT JATI,1033
2020-09-26,KRAMAT JATI,1047
2020-09-27,KRAMAT JATI,1079
2020-09-28,KRAMAT JATI,1101
2020-09-29,KRAMAT JATI,1134
2020-09-30,KRAMAT JATI,1153
2020-10-01,KRAMAT JATI,1181
2020-10-02,KRAMAT JATI,1206
2020-10-03,KRAMAT JATI,1234
2020-10-04,KRAMAT JATI,1276
2020-10-05,KRAMAT JATI,1295
2020-10-06,KRAMAT JATI,1316
2020-10-07,KRAMAT JATI,1347
2020-10-08,KRAMAT JATI,1371
2020-10-09,KRAMAT JATI,1410
2020-10-10,KRAMAT JATI,1443
2020-10-11,KRAMAT JATI,1469
2020-10-12,KRAMAT JATI,1496
2020-10-13,KRAMAT JATI,1511
2020-10-14,KRAMAT JATI,1542
2020-10-15,KRAMAT JATI,1557
2020-10-16,KRAMAT JATI,1600
2020-10-17,KRAMAT JATI,1635
2020-10-18,KRAMAT JATI,1663
2020-10-19,KRAMAT JATI,1694
2020-10-20,KRAMAT JATI,1716
2020-10-21,KRAMAT JATI,1739
2020-10-22,KRAMAT JATI,1763
2020-10-23,KRAMAT JATI,1776
2020-10-24,KRAMAT JATI,1814
2020-10-25,KRAMAT JATI,1846
2020-10-26,KRAMAT JATI,1877
2020-10-27,KRAMAT JATI,1919
2020-10-28,KRAMAT JATI,1931
2020-10-29,KRAMAT JATI,1940
2020-10-30,KRAMAT JATI,1963
2020-10-31,KRAMAT JATI,1977
2020-11-01,KRAMAT JATI,1988
2020-11-02,KRAMAT JATI,2043
2020-11-03,KRAMAT JATI,2065
2020-11-04,KRAMAT JATI,2087
2020-11-05,KRAMAT JATI,2099
2020-11-06,KRAMAT JATI,2117
2020-11-07,KRAMAT JATI,2138
2020-11-08,KRAMAT JATI,2150
2020-11-09,KRAMAT JATI,2167
2020-11-10,KRAMAT JATI,2196
2020-11-11,KRAMAT JATI,2213
2020-11-12,KRAMAT JATI,2221
2020-11-13,KRAMAT JATI,2255
2020-11-14,KRAMAT JATI,2269
2020-11-15,KRAMAT JATI,2298
2020-11-16,KRAMAT JATI,2313
2020-11-17,KRAMAT JATI,2329
2020-11-18,KRAMAT JATI,2365
2020-11-19,KRAMAT JATI,2387
2020-11-20,KRAMAT JATI,2419
2020-11-21,KRAMAT JATI,2466
2020-11-22,KRAMAT JATI,2500
2020-11-23,KRAMAT JATI,2507
2020-11-24,KRAMAT JATI,2544
2020-11-25,KRAMAT JATI,2588
2020-11-26,KRAMAT JATI,2618
2020-11-27,KRAMAT JATI,2643
2020-11-28,KRAMAT JATI,2683
2020-11-29,KRAMAT JATI,2722
2020-11-30,KRAMAT JATI,2738
2020-03-25,MAKASAR,7
2020-03-26,MAKASAR,7
2020-03-27,MAKASAR,9
2020-03-28,MAKASAR,9
2020-03-29,MAKASAR,10
2020-03-30,MAKASAR,10
2020-03-31,MAKASAR,12
2020-04-01,MAKASAR,12
2020-04-02,MAKASAR,12
2020-04-03,MAKASAR,13
2020-04-04,MAKASAR,13
2020-04-05,MAKASAR,16
2020-04-06,MAKASAR,17
2020-04-07,MAKASAR,18
2020-04-08,MAKASAR,19
2020-04-09,MAKASAR,21
2020-04-10,MAKASAR,24
2020-04-11,MAKASAR,24
2020-04-12,MAKASAR,26
2020-04-13,MAKASAR,28
2020-04-14,MAKASAR,29
2020-04-15,MAKASAR,27
2020-04-16,MAKASAR,27
2020-04-17,MAKASAR,27
2020-04-18,MAKASAR,28
2020-04-19,MAKASAR,28
2020-04-20,MAKASAR,28
2020-04-21,MAKASAR,31
2020-04-22,MAKASAR,33
2020-04-23,MAKASAR,34
2020-04-24,MAKASAR,35
2020-04-25,MAKASAR,40
2020-04-26,MAKASAR,43
2020-04-27,MAKASAR,44
2020-04-28,MAKASAR,45
2020-04-29,MAKASAR,47
2020-04-30,MAKASAR,48
2020-05-01,MAKASAR,49
2020-05-02,MAKASAR,50
2020-05-03,MAKASAR,51
2020-05-04,MAKASAR,53
2020-05-05,MAKASAR,53
2020-05-06,MAKASAR,53
2020-05-07,MAKASAR,53
2020-05-08,MAKASAR,53
2020-05-09,MAKASAR,53
2020-05-10,MAKASAR,53
2020-05-11,MAKASAR,55
2020-05-12,MAKASAR,57
2020-05-13,MAKASAR,57
2020-05-14,MAKASAR,57
2020-05-15,MAKASAR,59
2020-05-16,MAKASAR,59
2020-05-17,MAKASAR,60
2020-05-18,MAKASAR,60
2020-05-19,MAKASAR,61
2020-05-20,MAKASAR,61
2020-05-21,MAKASAR,62
2020-05-22,MAKASAR,63
2020-05-23,MAKASAR,64
2020-05-24,MAKASAR,65
2020-05-25,MAKASAR,65
2020-05-26,MAKASAR,66
2020-05-27,MAKASAR,68
2020-05-28,MAKASAR,68
2020-05-29,MAKASAR,68
2020-05-30,MAKASAR,67
2020-05-31,MAKASAR,68
2020-06-01,MAKASAR,68
2020-06-02,MAKASAR,68
2020-06-03,MAKASAR,68
2020-06-04,MAKASAR,68
2020-06-05,MAKASAR,67
2020-06-06,MAKASAR,68
2020-06-07,MAKASAR,68
2020-06-08,MAKASAR,68
2020-06-09,MAKASAR,70
2020-06-10,MAKASAR,73
2020-06-11,MAKASAR,75
2020-06-12,MAKASAR,75
2020-06-13,MAKASAR,76
2020-06-14,MAKASAR,76
2020-06-15,MAKASAR,76
2020-06-16,MAKASAR,77
2020-06-17,MAKASAR,79
2020-06-18,MAKASAR,81
2020-06-19,MAKASAR,83
2020-06-20,MAKASAR,83
2020-06-21,MAKASAR,83
2020-06-22,MAKASAR,88
2020-06-23,MAKASAR,89
2020-06-24,MAKASAR,89
2020-06-25,MAKASAR,91
2020-06-26,MAKASAR,95
2020-06-27,MAKASAR,97
2020-06-28,MAKASAR,98
2020-06-29,MAKASAR,98
2020-06-30,MAKASAR,98
2020-07-01,MAKASAR,98
2020-07-02,MAKASAR,101
2020-07-03,MAKASAR,108
2020-07-04,MAKASAR,113
2020-07-05,MAKASAR,115
2020-07-06,MAKASAR,115
2020-07-07,MAKASAR,118
2020-07-08,MAKASAR,119
2020-07-09,MAKASAR,120
2020-07-10,MAKASAR,116
2020-07-11,MAKASAR,116
2020-07-12,MAKASAR,117
2020-07-13,MAKASAR,117
2020-07-14,MAKASAR,125
2020-07-15,MAKASAR,130
2020-07-16,MAKASAR,134
2020-07-17,MAKASAR,137
2020-07-18,MAKASAR,138
2020-07-19,MAKASAR,139
2020-07-20,MAKASAR,150
2020-07-21,MAKASAR,150
2020-07-22,MAKASAR,156
2020-07-23,MAKASAR,155
2020-07-24,MAKASAR,155
2020-07-25,MAKASAR,160
2020-07-26,MAKASAR,160
2020-07-27,MAKASAR,162
2020-07-28,MAKASAR,183
2020-07-29,MAKASAR,196
2020-07-30,MAKASAR,198
2020-07-31,MAKASAR,196
2020-08-01,MAKASAR,202
2020-08-02,MAKASAR,208
2020-08-03,MAKASAR,214
2020-08-04,MAKASAR,221
2020-08-05,MAKASAR,227
2020-08-06,MAKASAR,233
2020-08-07,MAKASAR,240
2020-08-08,MAKASAR,246
2020-08-09,MAKASAR,253
2020-08-10,MAKASAR,260
2020-08-11,MAKASAR,266
2020-08-12,MAKASAR,273
2020-08-13,MAKASAR,280
2020-08-14,MAKASAR,286
2020-08-15,MAKASAR,293
2020-08-16,MAKASAR,300
2020-08-17,MAKASAR,307
2020-08-18,MAKASAR,314
2020-08-19,MAKASAR,321
2020-08-20,MAKASAR,327
2020-08-21,MAKASAR,334
2020-08-22,MAKASAR,341
2020-08-23,MAKASAR,348
2020-08-24,MAKASAR,355
2020-08-25,MAKASAR,362
2020-08-26,MAKASAR,369
2020-08-27,MAKASAR,376
2020-08-28,MAKASAR,383
2020-08-29,MAKASAR,390
2020-08-30,MAKASAR,397
2020-08-31,MAKASAR,404
2020-09-01,MAKASAR,411
2020-09-02,MAKASAR,418
2020-09-03,MAKASAR,419
2020-09-04,MAKASAR,428
2020-09-05,MAKASAR,453
2020-09-06,MAKASAR,470
2020-09-07,MAKASAR,518
2020-09-08,MAKASAR,509
2020-09-09,MAKASAR,541
2020-09-10,MAKASAR,571
2020-09-11,MAKASAR,586
2020-09-12,MAKASAR,604
2020-09-13,MAKASAR,647
2020-09-14,MAKASAR,654
2020-09-15,MAKASAR,657
2020-09-16,MAKASAR,672
2020-09-17,MAKASAR,689
2020-09-18,MAKASAR,705
2020-09-19,MAKASAR,726
2020-09-20,MAKASAR,775
2020-09-21,MAKASAR,783
2020-09-22,MAKASAR,814
2020-09-23,MAKASAR,848
2020-09-24,MAKASAR,887
2020-09-25,MAKASAR,930
2020-09-26,MAKASAR,949
2020-09-27,MAKASAR,993
2020-09-28,MAKASAR,1016
2020-09-29,MAKASAR,1023
2020-09-30,MAKASAR,1032
2020-10-01,MAKASAR,1066
2020-10-02,MAKASAR,1085
2020-10-03,MAKASAR,1098
2020-10-04,MAKASAR,1127
2020-10-05,MAKASAR,1143
2020-10-06,MAKASAR,1153
2020-10-07,MAKASAR,1168
2020-10-08,MAKASAR,1206
2020-10-09,MAKASAR,1225
2020-10-10,MAKASAR,1234
2020-10-11,MAKASAR,1256
2020-10-12,MAKASAR,1268
2020-10-13,MAKASAR,1294
2020-10-14,MAKASAR,1322
2020-10-15,MAKASAR,1341
2020-10-16,MAKASAR,1357
2020-10-17,MAKASAR,1398
2020-10-18,MAKASAR,1420
2020-10-19,MAKASAR,1441
2020-10-20,MAKASAR,1448
2020-10-21,MAKASAR,1467
2020-10-22,MAKASAR,1493
2020-10-23,MAKASAR,1514
2020-10-24,MAKASAR,1529
2020-10-25,MAKASAR,1546
2020-10-26,MAKASAR,1566
2020-10-27,MAKASAR,1579
2020-10-28,MAKASAR,1590
2020-10-29,MAKASAR,1593
2020-10-30,MAKASAR,1604
2020-10-31,MAKASAR,1614
2020-11-01,MAKASAR,1618
2020-11-02,MAKASAR,1630
2020-11-03,MAKASAR,1642
2020-11-04,MAKASAR,1666
2020-11-05,MAKASAR,1682
2020-11-06,MAKASAR,1692
2020-11-07,MAKASAR,1710
2020-11-08,MAKASAR,1732
2020-11-09,MAKASAR,1756
2020-11-10,MAKASAR,1778
2020-11-11,MAKASAR,1796
2020-11-12,MAKASAR,1825
2020-11-13,MAKASAR,1841
2020-11-14,MAKASAR,1855
2020-11-15,MAKASAR,1888
2020-11-16,MAKASAR,1908
2020-11-17,MAKASAR,1923
2020-11-18,MAKASAR,1950
2020-11-19,MAKASAR,1960
2020-11-20,MAKASAR,1995
2020-11-21,MAKASAR,2022
2020-11-22,MAKASAR,2039
2020-11-23,MAKASAR,2049
2020-11-24,MAKASAR,2073
2020-11-25,MAKASAR,2108
2020-11-26,MAKASAR,2144
2020-11-27,MAKASAR,2160
2020-11-28,MAKASAR,2183
2020-11-29,MAKASAR,2204
2020-11-30,MAKASAR,2215
2020-03-25,MATRAMAN,6
2020-03-26,MATRAMAN,7
2020-03-27,MATRAMAN,7
2020-03-28,MATRAMAN,7
2020-03-29,MATRAMAN,9
2020-03-30,MATRAMAN,9
2020-03-31,MATRAMAN,9
2020-04-01,MATRAMAN,9
2020-04-02,MATRAMAN,11
2020-04-03,MATRAMAN,11
2020-04-04,MATRAMAN,12
2020-04-05,MATRAMAN,22
2020-04-06,MATRAMAN,23
2020-04-07,MATRAMAN,25
2020-04-08,MATRAMAN,25
2020-04-09,MATRAMAN,28
2020-04-10,MATRAMAN,28
2020-04-11,MATRAMAN,28
2020-04-12,MATRAMAN,28
2020-04-13,MATRAMAN,29
2020-04-14,MATRAMAN,29
2020-04-15,MATRAMAN,33
2020-04-16,MATRAMAN,37
2020-04-17,MATRAMAN,47
2020-04-18,MATRAMAN,50
2020-04-19,MATRAMAN,50
2020-04-20,MATRAMAN,51
2020-04-21,MATRAMAN,56
2020-04-22,MATRAMAN,60
2020-04-23,MATRAMAN,62
2020-04-24,MATRAMAN,64
2020-04-25,MATRAMAN,69
2020-04-26,MATRAMAN,70
2020-04-27,MATRAMAN,72
2020-04-28,MATRAMAN,74
2020-04-29,MATRAMAN,74
2020-04-30,MATRAMAN,74
2020-05-01,MATRAMAN,79
2020-05-02,MATRAMAN,83
2020-05-03,MATRAMAN,87
2020-05-04,MATRAMAN,87
2020-05-05,MATRAMAN,90
2020-05-06,MATRAMAN,91
2020-05-07,MATRAMAN,95
2020-05-08,MATRAMAN,95
2020-05-09,MATRAMAN,98
2020-05-10,MATRAMAN,100
2020-05-11,MATRAMAN,103
2020-05-12,MATRAMAN,105
2020-05-13,MATRAMAN,107
2020-05-14,MATRAMAN,107
2020-05-15,MATRAMAN,110
2020-05-16,MATRAMAN,115
2020-05-17,MATRAMAN,115
2020-05-18,MATRAMAN,116
2020-05-19,MATRAMAN,120
2020-05-20,MATRAMAN,121
2020-05-21,MATRAMAN,123
2020-05-22,MATRAMAN,123
2020-05-23,MATRAMAN,124
2020-05-24,MATRAMAN,124
2020-05-25,MATRAMAN,124
2020-05-26,MATRAMAN,128
2020-05-27,MATRAMAN,129
2020-05-28,MATRAMAN,129
2020-05-29,MATRAMAN,131
2020-05-30,MATRAMAN,137
2020-05-31,MATRAMAN,137
2020-06-01,MATRAMAN,139
2020-06-02,MATRAMAN,139
2020-06-03,MATRAMAN,139
2020-06-04,MATRAMAN,142
2020-06-05,MATRAMAN,144
2020-06-06,MATRAMAN,144
2020-06-07,MATRAMAN,145
2020-06-08,MATRAMAN,145
2020-06-09,MATRAMAN,145
2020-06-10,MATRAMAN,147
2020-06-11,MATRAMAN,147
2020-06-12,MATRAMAN,149
2020-06-13,MATRAMAN,149
2020-06-14,MATRAMAN,149
2020-06-15,MATRAMAN,149
2020-06-16,MATRAMAN,150
2020-06-17,MATRAMAN,151
2020-06-18,MATRAMAN,161
2020-06-19,MATRAMAN,161
2020-06-20,MATRAMAN,162
2020-06-21,MATRAMAN,164
2020-06-22,MATRAMAN,165
2020-06-23,MATRAMAN,167
2020-06-24,MATRAMAN,168
2020-06-25,MATRAMAN,168
2020-06-26,MATRAMAN,171
2020-06-27,MATRAMAN,173
2020-06-28,MATRAMAN,173
2020-06-29,MATRAMAN,178
2020-06-30,MATRAMAN,178
2020-07-01,MATRAMAN,185
2020-07-02,MATRAMAN,189
2020-07-03,MATRAMAN,194
2020-07-04,MATRAMAN,197
2020-07-05,MATRAMAN,199
2020-07-06,MATRAMAN,201
2020-07-07,MATRAMAN,209
2020-07-08,MATRAMAN,213
2020-07-09,MATRAMAN,215
2020-07-10,MATRAMAN,216
2020-07-11,MATRAMAN,216
2020-07-12,MATRAMAN,218
2020-07-13,MATRAMAN,221
2020-07-14,MATRAMAN,228
2020-07-15,MATRAMAN,253
2020-07-16,MATRAMAN,261
2020-07-17,MATRAMAN,278
2020-07-18,MATRAMAN,281
2020-07-19,MATRAMAN,283
2020-07-20,MATRAMAN,291
2020-07-21,MATRAMAN,291
2020-07-22,MATRAMAN,293
2020-07-23,MATRAMAN,293
2020-07-24,MATRAMAN,294
2020-07-25,MATRAMAN,297
2020-07-26,MATRAMAN,297
2020-07-27,MATRAMAN,299
2020-07-28,MATRAMAN,312
2020-07-29,MATRAMAN,313
2020-07-30,MATRAMAN,317
2020-07-31,MATRAMAN,313
2020-08-01,MATRAMAN,315
2020-08-02,MATRAMAN,319
2020-08-03,MATRAMAN,323
2020-08-04,MATRAMAN,328
2020-08-05,MATRAMAN,333
2020-08-06,MATRAMAN,339
2020-08-07,MATRAMAN,346
2020-08-08,MATRAMAN,353
2020-08-09,MATRAMAN,361
2020-08-10,MATRAMAN,369
2020-08-11,MATRAMAN,377
2020-08-12,MATRAMAN,385
2020-08-13,MATRAMAN,394
2020-08-14,MATRAMAN,403
2020-08-15,MATRAMAN,412
2020-08-16,MATRAMAN,421
2020-08-17,MATRAMAN,430
2020-08-18,MATRAMAN,439
2020-08-19,MATRAMAN,448
2020-08-20,MATRAMAN,456
2020-08-21,MATRAMAN,465
2020-08-22,MATRAMAN,473
2020-08-23,MATRAMAN,481
2020-08-24,MATRAMAN,488
2020-08-25,MATRAMAN,495
2020-08-26,MATRAMAN,501
2020-08-27,MATRAMAN,507
2020-08-28,MATRAMAN,512
2020-08-29,MATRAMAN,517
2020-08-30,MATRAMAN,521
2020-08-31,MATRAMAN,524
2020-09-01,MATRAMAN,527
2020-09-02,MATRAMAN,528
2020-09-03,MATRAMAN,531
2020-09-04,MATRAMAN,534
2020-09-05,MATRAMAN,552
2020-09-06,MATRAMAN,557
2020-09-07,MATRAMAN,580
2020-09-08,MATRAMAN,576
2020-09-09,MATRAMAN,610
2020-09-10,MATRAMAN,687
2020-09-11,MATRAMAN,704
2020-09-12,MATRAMAN,720
2020-09-13,MATRAMAN,743
2020-09-14,MATRAMAN,734
2020-09-15,MATRAMAN,759
2020-09-16,MATRAMAN,762
2020-09-17,MATRAMAN,779
2020-09-18,MATRAMAN,771
2020-09-19,MATRAMAN,784
2020-09-20,MATRAMAN,802
2020-09-21,MATRAMAN,810
2020-09-22,MATRAMAN,828
2020-09-23,MATRAMAN,845
2020-09-24,MATRAMAN,852
2020-09-25,MATRAMAN,866
2020-09-26,MATRAMAN,883
2020-09-27,MATRAMAN,888
2020-09-28,MATRAMAN,913
2020-09-29,MATRAMAN,921
2020-09-30,MATRAMAN,962
2020-10-01,MATRAMAN,971
2020-10-02,MATRAMAN,980
2020-10-03,MATRAMAN,993
2020-10-04,MATRAMAN,1009
2020-10-05,MATRAMAN,1014
2020-10-06,MATRAMAN,1035
2020-10-07,MATRAMAN,1048
2020-10-08,MATRAMAN,1070
2020-10-09,MATRAMAN,1089
2020-10-10,MATRAMAN,1103
2020-10-11,MATRAMAN,1130
2020-10-12,MATRAMAN,1145
2020-10-13,MATRAMAN,1153
2020-10-14,MATRAMAN,1174
2020-10-15,MATRAMAN,1182
2020-10-16,MATRAMAN,1201
2020-10-17,MATRAMAN,1229
2020-10-18,MATRAMAN,1238
2020-10-19,MATRAMAN,1252
2020-10-20,MATRAMAN,1284
2020-10-21,MATRAMAN,1290
2020-10-22,MATRAMAN,1301
2020-10-23,MATRAMAN,1310
2020-10-24,MATRAMAN,1335
2020-10-25,MATRAMAN,1349
2020-10-26,MATRAMAN,1373
2020-10-27,MATRAMAN,1372
2020-10-28,MATRAMAN,1376
2020-10-29,MATRAMAN,1382
2020-10-30,MATRAMAN,1388
2020-10-31,MATRAMAN,1392
2020-11-01,MATRAMAN,1404
2020-11-02,MATRAMAN,1408
2020-11-03,MATRAMAN,1419
2020-11-04,MATRAMAN,1440
2020-11-05,MATRAMAN,1447
2020-11-06,MATRAMAN,1446
2020-11-07,MATRAMAN,1476
2020-11-08,MATRAMAN,1510
2020-11-09,MATRAMAN,1514
2020-11-10,MATRAMAN,1546
2020-11-11,MATRAMAN,1548
2020-11-12,MATRAMAN,1555
2020-11-13,MATRAMAN,1591
2020-11-14,MATRAMAN,1595
2020-11-15,MATRAMAN,1607
2020-11-16,MATRAMAN,1636
2020-11-17,MATRAMAN,1644
2020-11-18,MATRAMAN,1662
2020-11-19,MATRAMAN,1673
2020-11-20,MATRAMAN,1685
2020-11-21,MATRAMAN,1715
2020-11-22,MATRAMAN,1723
2020-11-23,MATRAMAN,1767
2020-11-24,MATRAMAN,1774
2020-11-25,MATRAMAN,1783
2020-11-26,MATRAMAN,1800
2020-11-27,MATRAMAN,1805
2020-11-28,MATRAMAN,1810
2020-11-29,MATRAMAN,1823
2020-11-30,MATRAMAN,1827
2020-03-25,PASAR REBO,4
2020-03-26,PASAR REBO,4
2020-03-27,PASAR REBO,4
2020-03-28,PASAR REBO,4
2020-03-29,PASAR REBO,4
2020-03-30,PASAR REBO,5
2020-03-31,PASAR REBO,9
2020-04-01,PASAR REBO,9
2020-04-02,PASAR REBO,10
2020-04-03,PASAR REBO,10
2020-04-04,PASAR REBO,10
2020-04-05,PASAR REBO,10
2020-04-06,PASAR REBO,10
2020-04-07,PASAR REBO,10
2020-04-08,PASAR REBO,12
2020-04-09,PASAR REBO,15
2020-04-10,PASAR REBO,17
2020-04-11,PASAR REBO,17
2020-04-12,PASAR REBO,17
2020-04-13,PASAR REBO,18
2020-04-14,PASAR REBO,19
2020-04-15,PASAR REBO,23
2020-04-16,PASAR REBO,23
2020-04-17,PASAR REBO,23
2020-04-18,PASAR REBO,24
2020-04-19,PASAR REBO,25
2020-04-20,PASAR REBO,25
2020-04-21,PASAR REBO,25
2020-04-22,PASAR REBO,25
2020-04-23,PASAR REBO,25
2020-04-24,PASAR REBO,27
2020-04-25,PASAR REBO,27
2020-04-26,PASAR REBO,30
2020-04-27,PASAR REBO,31
2020-04-28,PASAR REBO,30
2020-04-29,PASAR REBO,31
2020-04-30,PASAR REBO,30
2020-05-01,PASAR REBO,34
2020-05-02,PASAR REBO,36
2020-05-03,PASAR REBO,35
2020-05-04,PASAR REBO,36
2020-05-05,PASAR REBO,38
2020-05-06,PASAR REBO,39
2020-05-07,PASAR REBO,39
2020-05-08,PASAR REBO,39
2020-05-09,PASAR REBO,43
2020-05-10,PASAR REBO,43
2020-05-11,PASAR REBO,41
2020-05-12,PASAR REBO,42
2020-05-13,PASAR REBO,42
2020-05-14,PASAR REBO,46
2020-05-15,PASAR REBO,47
2020-05-16,PASAR REBO,47
2020-05-17,PASAR REBO,47
2020-05-18,PASAR REBO,48
2020-05-19,PASAR REBO,48
2020-05-20,PASAR REBO,47
2020-05-21,PASAR REBO,48
2020-05-22,PASAR REBO,48
2020-05-23,PASAR REBO,49
2020-05-24,PASAR REBO,52
2020-05-25,PASAR REBO,52
2020-05-26,PASAR REBO,53
2020-05-27,PASAR REBO,53
2020-05-28,PASAR REBO,53
2020-05-29,PASAR REBO,54
2020-05-30,PASAR REBO,54
2020-05-31,PASAR REBO,55
2020-06-01,PASAR REBO,56
2020-06-02,PASAR REBO,57
2020-06-03,PASAR REBO,58
2020-06-04,PASAR REBO,60
2020-06-05,PASAR REBO,65
2020-06-06,PASAR REBO,63
2020-06-07,PASAR REBO,64
2020-06-08,PASAR REBO,65
2020-06-09,PASAR REBO,65
2020-06-10,PASAR REBO,68
2020-06-11,PASAR REBO,71
2020-06-12,PASAR REBO,72
2020-06-13,PASAR REBO,73
2020-06-14,PASAR REBO,73
2020-06-15,PASAR REBO,75
2020-06-16,PASAR REBO,76
2020-06-17,PASAR REBO,81
2020-06-18,PASAR REBO,83
2020-06-19,PASAR REBO,84
2020-06-20,PASAR REBO,86
2020-06-21,PASAR REBO,88
2020-06-22,PASAR REBO,92
2020-06-23,PASAR REBO,93
2020-06-24,PASAR REBO,93
2020-06-25,PASAR REBO,91
2020-06-26,PASAR REBO,102
2020-06-27,PASAR REBO,105
2020-06-28,PASAR REBO,105
2020-06-29,PASAR REBO,109
2020-06-30,PASAR REBO,109
2020-07-01,PASAR REBO,109
2020-07-02,PASAR REBO,107
2020-07-03,PASAR REBO,107
2020-07-04,PASAR REBO,109
2020-07-05,PASAR REBO,110
2020-07-06,PASAR REBO,112
2020-07-07,PASAR REBO,114
2020-07-08,PASAR REBO,116
2020-07-09,PASAR REBO,122
2020-07-10,PASAR REBO,127
2020-07-11,PASAR REBO,128
2020-07-12,PASAR REBO,130
2020-07-13,PASAR REBO,128
2020-07-14,PASAR REBO,139
2020-07-15,PASAR REBO,147
2020-07-16,PASAR REBO,148
2020-07-17,PASAR REBO,151
2020-07-18,PASAR REBO,164
2020-07-19,PASAR REBO,168
2020-07-20,PASAR REBO,173
2020-07-21,PASAR REBO,174
2020-07-22,PASAR REBO,179
2020-07-23,PASAR REBO,179
2020-07-24,PASAR REBO,180
2020-07-25,PASAR REBO,184
2020-07-26,PASAR REBO,184
2020-07-27,PASAR REBO,188
2020-07-28,PASAR REBO,189
2020-07-29,PASAR REBO,192
2020-07-30,PASAR REBO,192
2020-07-31,PASAR REBO,192
2020-08-01,PASAR REBO,192
2020-08-02,PASAR REBO,192
2020-08-03,PASAR REBO,193
2020-08-04,PASAR REBO,194
2020-08-05,PASAR REBO,196
2020-08-06,PASAR REBO,198
2020-08-07,PASAR REBO,200
2020-08-08,PASAR REBO,203
2020-08-09,PASAR REBO,206
2020-08-10,PASAR REBO,209
2020-08-11,PASAR REBO,213
2020-08-12,PASAR REBO,216
2020-08-13,PASAR REBO,220
2020-08-14,PASAR REBO,225
2020-08-15,PASAR REBO,229
2020-08-16,PASAR REBO,234
2020-08-17,PASAR REBO,240
2020-08-18,PASAR REBO,245
2020-08-19,PASAR REBO,251
2020-08-20,PASAR REBO,256
2020-08-21,PASAR REBO,263
2020-08-22,PASAR REBO,269
2020-08-23,PASAR REBO,275
2020-08-24,PASAR REBO,282
2020-08-25,PASAR REBO,289
2020-08-26,PASAR REBO,296
2020-08-27,PASAR REBO,304
2020-08-28,PASAR REBO,311
2020-08-29,PASAR REBO,319
2020-08-30,PASAR REBO,326
2020-08-31,PASAR REBO,334
2020-09-01,PASAR REBO,343
2020-09-02,PASAR REBO,357
2020-09-03,PASAR REBO,363
2020-09-04,PASAR REBO,370
2020-09-05,PASAR REBO,385
2020-09-06,PASAR REBO,392
2020-09-07,PASAR REBO,416
2020-09-08,PASAR REBO,407
2020-09-09,PASAR REBO,436
2020-09-10,PASAR REBO,447
2020-09-11,PASAR REBO,461
2020-09-12,PASAR REBO,478
2020-09-13,PASAR REBO,496
2020-09-14,PASAR REBO,493
2020-09-15,PASAR REBO,501
2020-09-16,PASAR REBO,504
2020-09-17,PASAR REBO,519
2020-09-18,PASAR REBO,548
2020-09-19,PASAR REBO,558
2020-09-20,PASAR REBO,574
2020-09-21,PASAR REBO,586
2020-09-22,PASAR REBO,596
2020-09-23,PASAR REBO,610
2020-09-24,PASAR REBO,630
2020-09-25,PASAR REBO,658
2020-09-26,PASAR REBO,678
2020-09-27,PASAR REBO,695
2020-09-28,PASAR REBO,725
2020-09-29,PASAR REBO,756
2020-09-30,PASAR REBO,773
2020-10-01,PASAR REBO,799
2020-10-02,PASAR REBO,805
2020-10-03,PASAR REBO,826
2020-10-04,PASAR REBO,840
2020-10-05,PASAR REBO,849
2020-10-06,PASAR REBO,874
2020-10-07,PASAR REBO,887
2020-10-08,PASAR REBO,922
2020-10-09,PASAR REBO,936
2020-10-10,PASAR REBO,974
2020-10-11,PASAR REBO,990
2020-10-12,PASAR REBO,1013
2020-10-13,PASAR REBO,1044
2020-10-14,PASAR REBO,1056
2020-10-15,PASAR REBO,1065
2020-10-16,PASAR REBO,1092
2020-10-17,PASAR REBO,1103
2020-10-18,PASAR REBO,1123
2020-10-19,PASAR REBO,1139
2020-10-20,PASAR REBO,1146
2020-10-21,PASAR REBO,1168
2020-10-22,PASAR REBO,1177
2020-10-23,PASAR REBO,1199
2020-10-24,PASAR REBO,1204
2020-10-25,PASAR REBO,1216
2020-10-26,PASAR REBO,1236
2020-10-27,PASAR REBO,1252
2020-10-28,PASAR REBO,1263
2020-10-29,PASAR REBO,1273
2020-10-30,PASAR REBO,1282
2020-10-31,PASAR REBO,1292
2020-11-01,PASAR REBO,1301
2020-11-02,PASAR REBO,1322
2020-11-03,PASAR REBO,1347
2020-11-04,PASAR REBO,1373
2020-11-05,PASAR REBO,1381
2020-11-06,PASAR REBO,1387
2020-11-07,PASAR REBO,1426
2020-11-08,PASAR REBO,1441
2020-11-09,PASAR REBO,1448
2020-11-10,PASAR REBO,1470
2020-11-11,PASAR REBO,1483
2020-11-12,PASAR REBO,1497
2020-11-13,PASAR REBO,1532
2020-11-14,PASAR REBO,1549
2020-11-15,PASAR REBO,1569
2020-11-16,PASAR REBO,1582
2020-11-17,PASAR REBO,1599
2020-11-18,PASAR REBO,1611
2020-11-19,PASAR REBO,1629
2020-11-20,PASAR REBO,1641
2020-11-21,PASAR REBO,1662
2020-11-22,PASAR REBO,1685
2020-11-23,PASAR REBO,1691
2020-11-24,PASAR REBO,1703
2020-11-25,PASAR REBO,1747
2020-11-26,PASAR REBO,1756
2020-11-27,PASAR REBO,1774
2020-11-28,PASAR REBO,1783
2020-11-29,PASAR REBO,1820
2020-11-30,PASAR REBO,1827
2020-03-25,PULO GADUNG,10
2020-03-26,PULO GADUNG,11
2020-03-27,PULO GADUNG,12
2020-03-28,PULO GADUNG,12
2020-03-29,PULO GADUNG,12
2020-03-30,PULO GADUNG,14
2020-03-31,PULO GADUNG,15
2020-04-01,PULO GADUNG,15
2020-04-02,PULO GADUNG,23
2020-04-03,PULO GADUNG,22
2020-04-04,PULO GADUNG,23
2020-04-05,PULO GADUNG,25
2020-04-06,PULO GADUNG,26
2020-04-07,PULO GADUNG,27
2020-04-08,PULO GADUNG,27
2020-04-09,PULO GADUNG,28
2020-04-10,PULO GADUNG,32
2020-04-11,PULO GADUNG,34
2020-04-12,PULO GADUNG,40
2020-04-13,PULO GADUNG,44
2020-04-14,PULO GADUNG,49
2020-04-15,PULO GADUNG,52
2020-04-16,PULO GADUNG,58
2020-04-17,PULO GADUNG,58
2020-04-18,PULO GADUNG,62
2020-04-19,PULO GADUNG,62
2020-04-20,PULO GADUNG,65
2020-04-21,PULO GADUNG,70
2020-04-22,PULO GADUNG,72
2020-04-23,PULO GADUNG,78
2020-04-24,PULO GADUNG,80
2020-04-25,PULO GADUNG,84
2020-04-26,PULO GADUNG,86
2020-04-27,PULO GADUNG,87
2020-04-28,PULO GADUNG,87
2020-04-29,PULO GADUNG,92
2020-04-30,PULO GADUNG,94
2020-05-01,PULO GADUNG,95
2020-05-02,PULO GADUNG,98
2020-05-03,PULO GADUNG,101
2020-05-04,PULO GADUNG,103
2020-05-05,PULO GADUNG,104
2020-05-06,PULO GADUNG,106
2020-05-07,PULO GADUNG,105
2020-05-08,PULO GADUNG,111
2020-05-09,PULO GADUNG,111
2020-05-10,PULO GADUNG,115
2020-05-11,PULO GADUNG,117
2020-05-12,PULO GADUNG,120
2020-05-13,PULO GADUNG,122
2020-05-14,PULO GADUNG,122
2020-05-15,PULO GADUNG,122
2020-05-16,PULO GADUNG,124
2020-05-17,PULO GADUNG,124
2020-05-18,PULO GADUNG,124
2020-05-19,PULO GADUNG,129
2020-05-20,PULO GADUNG,131
2020-05-21,PULO GADUNG,131
2020-05-22,PULO GADUNG,131
2020-05-23,PULO GADUNG,131
2020-05-24,PULO GADUNG,132
2020-05-25,PULO GADUNG,132
2020-05-26,PULO GADUNG,133
2020-05-27,PULO GADUNG,136
2020-05-28,PULO GADUNG,137
2020-05-29,PULO GADUNG,139
2020-05-30,PULO GADUNG,140
2020-05-31,PULO GADUNG,140
2020-06-01,PULO GADUNG,141
2020-06-02,PULO GADUNG,141
2020-06-03,PULO GADUNG,143
2020-06-04,PULO GADUNG,146
2020-06-05,PULO GADUNG,146
2020-06-06,PULO GADUNG,149
2020-06-07,PULO GADUNG,149
2020-06-08,PULO GADUNG,151
2020-06-09,PULO GADUNG,153
2020-06-10,PULO GADUNG,157
2020-06-11,PULO GADUNG,159
2020-06-12,PULO GADUNG,164
2020-06-13,PULO GADUNG,132
2020-06-14,PULO GADUNG,133
2020-06-15,PULO GADUNG,134
2020-06-16,PULO GADUNG,138
2020-06-17,PULO GADUNG,140
2020-06-18,PULO GADUNG,141
2020-06-19,PULO GADUNG,143
2020-06-20,PULO GADUNG,145
2020-06-21,PULO GADUNG,146
2020-06-22,PULO GADUNG,148
2020-06-23,PULO GADUNG,156
2020-06-24,PULO GADUNG,157
2020-06-25,PULO GADUNG,163
2020-06-26,PULO GADUNG,164
2020-06-27,PULO GADUNG,168
2020-06-28,PULO GADUNG,168
2020-06-29,PULO GADUNG,172
2020-06-30,PULO GADUNG,173
2020-07-01,PULO GADUNG,174
2020-07-02,PULO GADUNG,180
2020-07-03,PULO GADUNG,182
2020-07-04,PULO GADUNG,184
2020-07-05,PULO GADUNG,186
2020-07-06,PULO GADUNG,188
2020-07-07,PULO GADUNG,191
2020-07-08,PULO GADUNG,196
2020-07-09,PULO GADUNG,200
2020-07-10,PULO GADUNG,203
2020-07-11,PULO GADUNG,203
2020-07-12,PULO GADUNG,217
2020-07-13,PULO GADUNG,220
2020-07-14,PULO GADUNG,233
2020-07-15,PULO GADUNG,255
2020-07-16,PULO GADUNG,259
2020-07-17,PULO GADUNG,260
2020-07-18,PULO GADUNG,262
2020-07-19,PULO GADUNG,265
2020-07-20,PULO GADUNG,266
2020-07-21,PULO GADUNG,279
2020-07-22,PULO GADUNG,284
2020-07-23,PULO GADUNG,288
2020-07-24,PULO GADUNG,296
2020-07-25,PULO GADUNG,301
2020-07-26,PULO GADUNG,301
2020-07-27,PULO GADUNG,316
2020-07-28,PULO GADUNG,322
2020-07-29,PULO GADUNG,332
2020-07-30,PULO GADUNG,334
2020-07-31,PULO GADUNG,332
2020-08-01,PULO GADUNG,339
2020-08-02,PULO GADUNG,347
2020-08-03,PULO GADUNG,355
2020-08-04,PULO GADUNG,364
2020-08-05,PULO GADUNG,372
2020-08-06,PULO GADUNG,381
2020-08-07,PULO GADUNG,390
2020-08-08,PULO GADUNG,399
2020-08-09,PULO GADUNG,409
2020-08-10,PULO GADUNG,418
2020-08-11,PULO GADUNG,428
2020-08-12,PULO GADUNG,438
2020-08-13,PULO GADUNG,448
2020-08-14,PULO GADUNG,458
2020-08-15,PULO GADUNG,468
2020-08-16,PULO GADUNG,478
2020-08-17,PULO GADUNG,489
2020-08-18,PULO GADUNG,499
2020-08-19,PULO GADUNG,510
2020-08-20,PULO GADUNG,521
2020-08-21,PULO GADUNG,532
2020-08-22,PULO GADUNG,542
2020-08-23,PULO GADUNG,553
2020-08-24,PULO GADUNG,564
2020-08-25,PULO GADUNG,575
2020-08-26,PULO GADUNG,586
2020-08-27,PULO GADUNG,597
2020-08-28,PULO GADUNG,607
2020-08-29,PULO GADUNG,618
2020-08-30,PULO GADUNG,629
2020-08-31,PULO GADUNG,640
2020-09-01,PULO GADUNG,651
2020-09-02,PULO GADUNG,662
2020-09-03,PULO GADUNG,667
2020-09-04,PULO GADUNG,683
2020-09-05,PULO GADUNG,730
2020-09-06,PULO GADUNG,741
2020-09-07,PULO GADUNG,757
2020-09-08,PULO GADUNG,749
2020-09-09,PULO GADUNG,779
2020-09-10,PULO GADUNG,803
2020-09-11,PULO GADUNG,824
2020-09-12,PULO GADUNG,841
2020-09-13,PULO GADUNG,897
2020-09-14,PULO GADUNG,904
2020-09-15,PULO GADUNG,917
2020-09-16,PULO GADUNG,936
2020-09-17,PULO GADUNG,949
2020-09-18,PULO GADUNG,981
2020-09-19,PULO GADUNG,995
2020-09-20,PULO GADUNG,1017
2020-09-21,PULO GADUNG,1058
2020-09-22,PULO GADUNG,1075
2020-09-23,PULO GADUNG,1108
2020-09-24,PULO GADUNG,1123
2020-09-25,PULO GADUNG,1179
2020-09-26,PULO GADUNG,1210
2020-09-27,PULO GADUNG,1252
2020-09-28,PULO GADUNG,1275
2020-09-29,PULO GADUNG,1305
2020-09-30,PULO GADUNG,1317
2020-10-01,PULO GADUNG,1346
2020-10-02,PULO GADUNG,1361
2020-10-03,PULO GADUNG,1372
2020-10-04,PULO GADUNG,1393
2020-10-05,PULO GADUNG,1420
2020-10-06,PULO GADUNG,1466
2020-10-07,PULO GADUNG,1489
2020-10-08,PULO GADUNG,1508
2020-10-09,PULO GADUNG,1544
2020-10-10,PULO GADUNG,1564
2020-10-11,PULO GADUNG,1606
2020-10-12,PULO GADUNG,1627
2020-10-13,PULO GADUNG,1654
2020-10-14,PULO GADUNG,1675
2020-10-15,PULO GADUNG,1696
2020-10-16,PULO GADUNG,1732
2020-10-17,PULO GADUNG,1754
2020-10-18,PULO GADUNG,1766
2020-10-19,PULO GADUNG,1791
2020-10-20,PULO GADUNG,1810
2020-10-21,PULO GADUNG,1820
2020-10-22,PULO GADUNG,1840
2020-10-23,PULO GADUNG,1860
2020-10-24,PULO GADUNG,1879
2020-10-25,PULO GADUNG,1895
2020-10-26,PULO GADUNG,1911
2020-10-27,PULO GADUNG,1923
2020-10-28,PULO GADUNG,1930
2020-10-29,PULO GADUNG,1941
2020-10-30,PULO GADUNG,1965
2020-10-31,PULO GADUNG,1978
2020-11-01,PULO GADUNG,1993
2020-11-02,PULO GADUNG,2003
2020-11-03,PULO GADUNG,2024
2020-11-04,PULO GADUNG,2046
2020-11-05,PULO GADUNG,2063
2020-11-06,PULO GADUNG,2076
2020-11-07,PULO GADUNG,2097
2020-11-08,PULO GADUNG,2121
2020-11-09,PULO GADUNG,2152
2020-11-10,PULO GADUNG,2171
2020-11-11,PULO GADUNG,2180
2020-11-12,PULO GADUNG,2205
2020-11-13,PULO GADUNG,2230
2020-11-14,PULO GADUNG,2249
2020-11-15,PULO GADUNG,2272
2020-11-16,PULO GADUNG,2286
2020-11-17,PULO GADUNG,2301
2020-11-18,PULO GADUNG,2328
2020-11-19,PULO GADUNG,2365
2020-11-20,PULO GADUNG,2393
2020-11-21,PULO GADUNG,2420
2020-11-22,PULO GADUNG,2448
2020-11-23,PULO GADUNG,2469
2020-11-24,PULO GADUNG,2487
2020-11-25,PULO GADUNG,2512
2020-11-26,PULO GADUNG,2549
2020-11-27,PULO GADUNG,2606
2020-11-28,PULO GADUNG,2635
2020-11-29,PULO GADUNG,2660
2020-11-30,PULO GADUNG,2691
